Id;PageItemID;XCoordinate;YCoordinate
1;825;420.91885375976563;122.19937133789063
2;825;419.29519653320313;144.04753112792969
3;826;418.391357421875;164.90205383300781
4;827;287.89520263671875;195.99754333496094
5;801;324.61660766601563;196.45170593261719
6;822;417.84521484375;206.64756774902344
7;755;77.7734375;308.64898681640625
8;816;136.59571838378906;310.25003051757813
9;816;166.89840698242188;310.35055541992188
10;617;188.76982116699219;309.49783325195313
11;856;235.27125549316406;311.05111694335938
12;736;414.017333984375;328.0015869140625
13;785;409.6378173828125;378.04898071289063
14;857;257.97039794921875;397.10000610351563
15;737;322.82086181640625;394.95034790039063
16;642;409.52001953125;404.64910888671875
17;681;98.669731140136719;407.9010009765625
18;598;115.30011749267578;407.89923095703125
19;676;128.64572143554688;439.60003662109375
20;658;145.57344055175781;439.34896850585938
21;622;170.62040710449219;438.85000610351563
22;497;405.79180908203125;463.69805908203125
23;754;370.75839233398438;483.25070190429688
24;810;381.85934448242188;492.75128173828125
25;648;321.58761596679688;508.00634765625
26;783;240.78628540039063;519.400390625
27;649;290.65933227539063;519.50128173828125
28;784;189.92520141601563;610.448974609375
29;636;232.34571838378906;609.75
30;517;273.31765747070313;611.050048828125
31;792;338.40869140625;645.2515869140625
32;771;409.61148071289063;667.59857177734375
33;220;66.485054016113281;713.55029296875
34;631;114.0234375;714.64898681640625
35;804;189.44375610351563;718.8485107421875
36;805;233.19572448730469;718.25
37;751;259.44522094726563;718.44757080078125
38;1121;293.3468017578125;719.55029296875
39;650;337.2703857421875;719.4500732421875
40;219;366.82037353515625;719.550048828125
41;757;178.29751586914063;110.75020599365234
42;180;299.27410888671875;116.29750823974609
43;432;326.62518310546875;115.30005645751953
44;758;85.852676391601563;121.44887542724609
45;181;268.17318725585938;120.70055389404297
46;131;207.29792785644531;134.99772644042969
47;432;248.97317504882813;135.7005615234375
48;180;365.14752197265625;133.90016174316406
49;130;112.17445373535156;146.6488037109375
50;759;187.84782409667969;155.99855041503906
51;762;267.65267944335938;157.79885864257813
52;710;370.240234375;157.70120239257813
53;432;111.12317657470703;164.75054931640625
54;124;99.473182678222656;179.6505126953125
55;844;443.53985595703125;189.34860229492188
56;544;99.129646301269531;193.29917907714844
57;663;99.57318115234375;208.300537109375
58;845;460.82391357421875;209.04853820800781
59;753;345.44662475585938;218.65090942382813
60;753;398.4630126953125;216.10002136230469
61;752;429.80133056640625;222.94856262207031
62;752;386.2491455078125;244.10133361816406
63;764;186.05267333984375;287.14883422851563
64;694;241.06442260742188;288.35086059570313
65;842;215.44071960449219;299.64862060546875
66;683;234.675048828125;308.15139770507813
67;597;470.26632690429688;307.09915161132813
68;324;252.82965087890625;345.94915771484375
69;178;388.54812622070313;349.70001220703125
70;95;200.30622863769531;356.45074462890625
71;317;352.10797119140625;361.69989013671875
72;310;484.226318359375;370.09884643554688
73;308;320.34872436523438;377.75143432617188
74;679;451.13699340820313;376.64956665039063
75;64;157.75267028808594;384.84884643554688
76;861;381.34500122070313;387.94882202148438
77;117;467.14178466796875;388.70095825195313
78;468;131.70112609863281;393.40048217773438
79;315;329.02517700195313;397.4500732421875
80;180;224.57920837402344;405.0989990234375
81;721;382.49322509765625;401.90093994140625
82;169;124.17964935302734;410.649169921875
83;333;328.6265869140625;411.10107421875
84;535;494.31640625;414.70144653320313
85;630;329.4544677734375;421.79940795898438
86;614;206.0902099609375;427.55117797851563
87;100;505.84024047851563;425.90118408203125
88;159;326.55270385742188;435.24887084960938
89;132;388.07516479492188;451.80007934570313
90;95;123.15623474121094;467.95074462890625
91;838;142.9871826171875;496.15097045898438
92;260;307.11520385742188;498.59988403320313
93;183;322.54812622070313;497.1500244140625
94;95;99.156234741210938;536.500732421875
95;176;75.223182678222656;559.90057373046875
96;260;125.81520080566406;565.19989013671875
97;703;412.6265869140625;564.9510498046875
98;182;114.22318267822266;575.4005126953125
99;331;252.46630859375;574.44915771484375
100;657;311.67391967773438;580.89849853515625
101;716;253.02920532226563;585.8489990234375
102;715;306.17919921875;590.4990234375
103;723;296.273193359375;599.4005126953125
104;95;109.65498352050781;613.150146484375
105;42;91.629196166992188;634.698974609375
106;669;110.90139007568359;663.49853515625
107;336;318.65267944335938;707.9989013671875
108;698;231.1231689453125;718.20050048828125
109;603;511.32809448242188;165.69985961914063
110;720;125.9044189453125;205.30073547363281
111;685;511.67984008789063;213.00062561035156
112;1225;511.30441284179688;254.30073547363281
113;727;125.40373229980469;262.19796752929688
114;189;515.40887451171875;296.30075073242188
115;647;514.43304443359375;322.19964599609375
116;837;126.10441589355469;367.55078125
117;448;377.02984619140625;402.10064697265625
118;599;376.327880859375;422.75265502929688
119;628;376.70440673828125;449.40078735351563
120;684;404.75579833984375;447.95266723632813
121;179;101.15579223632813;459.70266723632813
122;705;352.336181640625;478.69769287109375
123;711;295.68374633789063;522.5987548828125
124;712;257.2845458984375;551.898193359375
125;704;224.75883483886719;579.00079345703125
126;479;164.53640747070313;628.1983642578125
127;802;384.85971069335938;646.45062255859375
128;957;252.43075561523438;99.598350524902344
129;127;260.01226806640625;115.69942474365234
130;550;259.8514404296875;130.44869995117188
131;800;283.40289306640625;133.80015563964844
132;814;357.75421142578125;148.20149230957031
133;741;434.132080078125;156.84835815429688
134;799;322.47219848632813;168.50096130371094
135;793;279.02911376953125;207.50103759765625
136;815;283.58242797851563;224.89993286132813
137;729;260.48074340820313;243.59835815429688
138;731;251.13070678710938;248.30038452148438
139;80;241.45623779296875;253.45071411132813
140;186;342.86456298828125;270.50100708007813
141;539;272.19024658203125;308.748779296875
142;187;258.19073486328125;316.29983520507813
143;674;460.09161376953125;354.24981689453125
144;199;241.16621398925781;357.94992065429688
145;728;202.51622009277344;380.39993286132813
146;730;192.21621704101563;387.24993896484375
147;78;181.09161376953125;393.34982299804688
148;813;417.08642578125;408.09930419921875
149;199;307.517822265625;437.9986572265625
150;724;263.68148803710938;537.849853515625
151;725;348.00210571289063;540.14892578125
152;629;428.9622802734375;542.14947509765625
153;1012;456.83599853515625;544.79998779296875
154;701;348.64071655273438;614.64862060546875
155;849;265.362060546875;619.44940185546875
156;718;349.18600463867188;635.1500244140625
157;125;84.785049438476563;128.15109252929688
158;502;102.13602447509766;134.000732421875
159;818;112.33646392822266;137.74984741210938
160;820;126.49066162109375;140.74850463867188
161;133;60.785049438476563;153.45106506347656
162;746;274.08645629882813;168.79983520507813
163;634;275.66305541992188;190.64942932128906
164;105;404.7906494140625;209.84848022460938
165;779;262.16110229492188;212.75146484375
166;439;404.8375244140625;220.64982604980469
167;256;405.24066162109375;231.34848022460938
168;115;159.788330078125;234.70046997070313
169;637;159.86016845703125;242.75064086914063
170;797;514.00494384765625;245.00199890136719
171;57;159.18832397460938;249.95046997070313
172;618;147.43505859375;255.70106506347656
173;600;242.10826110839844;254.75016784667969
174;235;343.61099243164063;257.35186767578125
175;604;158.41128540039063;260.49990844726563
176;612;243.31333923339844;266.14883422851563
177;225;405.31109619140625;267.10147094726563
178;610;233.7630615234375;279.44943237304688
179;620;249.01127624511719;286.29989624023438
180;229;343.75933837890625;286.15081787109375
181;618;261.4110107421875;289.3018798828125
182;811;342.8646240234375;301.64962768554688
183;760;513.5106201171875;302.74859619140625
184;608;171.78826904296875;311.34915161132813
185;487;91.888320922851563;317.75045776367188
186;806;129.48646545410156;333.79983520507813
187;749;228.788330078125;332.6004638671875
188;184;280.98831176757813;337.65045166015625
189;237;378.0130615234375;345.09942626953125
190;795;512.28106689453125;353.150146484375
191;48;225.31109619140625;365.95150756835938
192;541;282.913330078125;365.74880981445313
193;233;141.48603820800781;370.05072021484375
194;817;417.26016235351563;376.650634765625
195;777;140.04066467285156;381.54849243164063
196;866;225.24066162109375;400.04849243164063
197;231;139.81304931640625;404.34942626953125
198;689;513.18829345703125;407.94915771484375
199;665;512.28106689453125;416.85015869140625
200;766;512.58233642578125;426.54959106445313
201;769;195.91482543945313;439.54901123046875
202;841;430.93695068359375;462.44961547851563
203;828;190.81304931640625;465.19943237304688
204;615;182.03697204589844;476.94961547851563
205;695;169.51109313964844;491.1514892578125
206;788;419.10812377929688;491.35089111328125
207;655;150.31022644042969;516.10174560546875
208;661;453.50991821289063;517.052001953125
209;744;242.83827209472656;526.7491455078125
210;790;138.00990295410156;531.552001953125
211;823;393.66021728515625;537.95172119140625
212;632;207.48698425292969;572.74957275390625
213;839;417.72976684570313;593.5009765625
214;170;181.32975769042969;643.05096435546875
215;217;427.40493774414063;657.35198974609375
216;639;426.804931640625;670.75201416015625
217;677;410.52850341796875;700.751220703125
218;126;96.24066162109375;131.74850463867188
219;503;113.54066467285156;137.84848022460938
220;819;123.73602294921875;141.55072021484375
221;821;137.48832702636719;144.55044555664063
222;134;71.886466979980469;156.44985961914063
223;747;284.58831787109375;174.70046997070313
224;635;285.68832397460938;196.30044555664063
225;740;271.98944091796875;218.64933776855469
226;106;414.91482543945313;217.8990478515625
227;440;414.74066162109375;228.79849243164063
228;116;168.96400451660156;239.15003967285156
229;257;415.038330078125;239.50045776367188
230;638;168.90934753417969;247.05078125
231;58;168.11399841308594;254.50001525878906
232;798;524.0556640625;254.94992065429688
233;619;156.48603820800781;259.750732421875
234;601;251.28314208984375;260.60137939453125
235;605;167.28602600097656;264.70074462890625
236;236;352.861083984375;264.80148315429688
237;613;252.18832397460938;271.90048217773438
238;226;414.49066162109375;275.14852905273438
239;611;242.48832702636719;284.95046997070313
240;621;257.71331787109375;292.04879760742188
241;619;270.06100463867188;295.40191650390625
242;230;352.63507080078125;293.75106811523438
243;812;351.48602294921875;308.95074462890625
244;761;522.65863037109375;312.95114135742188
245;609;179.93505859375;316.05105590820313
246;488;100.34066009521484;321.44851684570313
247;807;137.41305541992188;337.99942016601563
248;750;236.83753967285156;338.24978637695313
249;185;288.71401977539063;344.14999389648438
250;238;386.190673828125;352.74850463867188
251;796;520.38232421875;362.94961547851563
252;49;232.76109313964844;371.75149536132813
253;542;290.16305541992188;372.19943237304688
254;234;148.56399536132813;374.5
255;778;146.96109008789063;386.00149536132813
256;745;424.56015014648438;385.400634765625
257;867;232.13832092285156;405.70046997070313
258;232;146.4140625;408.70010375976563
259;690;520.38824462890625;418.04913330078125
260;666;519.18231201171875;426.79959106445313
261;738;519.38153076171875;436.3994140625
262;770;202.11399841308594;444.54998779296875
263;829;196.51170349121094;470.3515625
264;848;436.80923461914063;471.45162963867188
265;616;187.63682556152344;481.89910888671875
266;696;174.71400451660156;495.95001220703125
267;743;424.93743896484375;500.2489013671875
268;656;155.33505249023438;520.75103759765625
269;662;458.960205078125;526.30169677734375
270;789;247.93923950195313;532.64923095703125
271;791;142.80990600585938;536.1519775390625
272;824;398.909912109375;546.552001953125
273;633;211.811279296875;578.49993896484375
274;840;421.80743408203125;602.4990234375
275;171;184.3310546875;648.70013427734375
276;218;430.45562744140625;666.449951171875
277;640;429.53231811523438;679.8995361328125
278;678;412.85546875;709.6484375
279;1133;153.22334289550781;137.65097045898438
280;1198;445.62503051757813;170.54911804199219
281;1110;281.0001220703125;173.89927673339844
282;1106;340.624267578125;173.90000915527344
283;1135;157.973388671875;193.95185852050781
284;1125;446.75018310546875;212.550537109375
285;1108;314.5234375;250.60113525390625
286;1088;448.14999389648438;315.14938354492188
287;1196;157.80070495605469;342.04998779296875
288;733;355.07470703125;349.45098876953125
289;1131;450.25003051757813;370.10025024414063
290;1104;354.90286254882813;402.39895629882813
291;1104;315.7266845703125;419.19976806640625
292;1096;161.52633666992188;432.74911499023438
293;1098;355.72488403320313;437.900146484375
294;1100;357.07485961914063;451.2501220703125
295;1129;356.10287475585938;464.0489501953125
296;1127;311.22781372070313;500.6488037109375
297;1085;311.7493896484375;530.0499267578125
298;1092;313.02780151367188;564.498779296875
299;1090;168.65145874023438;595.94866943359375
300;1094;339.900146484375;594.99993896484375
301;1106;339.72552490234375;620.1993408203125
302;1086;167.65074157714844;631.2496337890625
303;1082;168.50076293945313;670.24871826171875
304;956;343.84930419921875;682.69989013671875
305;1138;192.30145263671875;705.2486572265625
306;1142;319.75015258789063;704.0499267578125
307;1102;191.99884033203125;726.85101318359375
308;1140;320.65127563476563;724.45050048828125
309;1134;170.48834228515625;137.8983154296875
310;1111;297.30770874023438;176.95028686523438
311;1107;357.25933837890625;177.851318359375
312;1199;461.88507080078125;176.65036010742188
313;1136;174.10990905761719;194.35197448730469
314;1126;462.1348876953125;218.80096435546875
315;1109;329.36148071289063;254.048583984375
316;1089;461.53506469726563;321.05032348632813
317;1184;170.88505554199219;342.25030517578125
318;734;368.2501220703125;353.44921875
319;1132;462.66146850585938;376.24859619140625
320;1105;366.91766357421875;406.45004272460938
321;1105;327.39105224609375;422.65017700195313
322;1097;172.80921936035156;433.151611328125
323;1099;367.14639282226563;441.999755859375
324;1101;368.11767578125;455.45004272460938
325;1130;366.84347534179688;468.25094604492188
326;1128;321.02297973632813;503.89862060546875
327;1084;320.96841430664063;533.29925537109375
328;1093;321.57000732421875;567.6500244140625
329;1091;176.66400146484375;596.25
330;1095;348.01715087890625;598.74920654296875
331;1107;347.059326171875;623.80126953125
332;1087;174.788330078125;631.40045166015625
333;1083;174.91110229492188;670.40142822265625
334;930;350.04681396484375;686.2999267578125
335;1139;198.14065551757813;706.0484619140625
336;1143;325.27069091796875;707.19989013671875
337;1103;197.466796875;727.25018310546875
338;1141;325.69451904296875;727.601318359375
339;135;251.935302734375;155.19911193847656
340;659;441.1966552734375;171.9000244140625
341;138;158.96803283691406;209.45094299316406
342;660;491.18328857421875;227.80168151855469
343;659;439.68505859375;243.65036010742188
344;651;285.05841064453125;250.45069885253906
345;135;140.41000366210938;289.84912109375
346;765;111.31555938720703;308.90182495117188
347;709;84.818435668945313;317.04922485351563
348;548;254.28330993652344;325.001708984375
349;1013;66.017349243164063;333.85159301757813
350;309;173.36149597167969;370.6986083984375
351;495;453.67037963867188;379.25003051757813
352;742;496.0203857421875;378.50003051757813
353;693;63.266593933105469;402.05172729492188
354;719;378.955078125;404.80136108398438
355;138;250.85841369628906;419.90072631835938
356;1161;118.34307098388672;497.6492919921875
357;1163;247.47343444824219;533.448974609375
358;664;490.28970336914063;544.6993408203125
359;1162;201.0706787109375;554.5499267578125
360;708;411.99346923828125;563.90093994140625
361;34;457.61148071289063;573.24859619140625
362;1164;355.61843872070313;584.2991943359375
363;682;337.61843872070313;627.84918212890625
364;706;357.37060546875;635.54913330078125
365;1122;296.89031982421875;649.35052490234375
366;1237;367.89178466796875;134.40092468261719
367;1241;249.76643371582031;140.40142822265625
368;1240;452.5673828125;174.69865417480469
369;1240;314.99176025390625;186.60093688964844
370;1238;291.86520385742188;220.89990234375
371;1247;243.6478271484375;249.49855041503906
372;1248;212.14799499511719;285.95004272460938
373;1239;437.61795043945313;304.09942626953125
374;1249;172.12249755859375;322.45074462890625
375;1246;164.0902099609375;348.60116577148438
376;1226;126.48984527587891;372.6986083984375
377;1231;256.046630859375;372.09896850585938
378;1230;430.046630859375;410.74899291992188
379;1250;448.40213012695313;409.89828491210938
380;1251;474.5;413.6500244140625
381;1235;93.46441650390625;426.85086059570313
382;1252;498.59860229492188;425.49993896484375
383;1227;404.42050170898438;432.3477783203125
384;1229;73.271156311035156;442.4498291015625
385;1242;456.42022705078125;509.0499267578125
386;1228;369.8450927734375;552.60113525390625
387;1236;263.08645629882813;570.7001953125
388;1232;87.92034912109375;575.6488037109375
389;1243;457.07196044921875;574.1982421875
390;1245;457.377685546875;616.79925537109375
391;1234;309.14511108398438;633.10113525390625
392;1233;277.52035522460938;662.3988037109375
393;1244;457.06631469726563;663.69915771484375
394;756;608.82305908203125;51.351360321044922
395;328;440.19070434570313;72.348663330078125
396;485;466.75119018554688;70.999290466308594
397;329;407.48599243164063;76.900070190429688
398;314;371.09072875976563;82.898681640625
399;306;337.53073120117188;86.998374938964844
400;307;303.1116943359375;91.950790405273438
401;335;278.26226806640625;95.899497985839844
402;167;256.7860107421875;98.500045776367188
403;383;618.45751953125;169.800537109375
404;352;641.23602294921875;168.85005187988281
405;370;441.4576416015625;173.04997253417969
406;377;595.31170654296875;172.90080261230469
407;346;527.3623046875;178.54949951171875
408;366;360.73245239257813;184.69998168945313
409;371;408.58071899414063;196.45040893554688
410;368;542.857666015625;195.59996032714844
411;378;178.78071594238281;210.70040893554688
412;379;153.62910461425781;217.55111694335938
413;381;250.3594970703125;218.74969482421875
414;345;669.1416015625;248.89884948730469
415;481;571.53564453125;265.69869995117188
416;372;601.7042236328125;267.3515625
417;369;553.30499267578125;268.30020141601563
418;323;280.5360107421875;301.10006713867188
419;354;526.166259765625;330.94998168945313
420;484;425.341552734375;343.10076904296875
421;645;134.8797607421875;346.301025390625
422;482;177.95980834960938;353.65097045898438
423;483;246.54074096679688;359.14987182617188
424;484;273.49160766601563;359.74984741210938
425;602;721.53564453125;397.09866333007813
426;489;690.936279296875;403.7010498046875
427;351;584.42913818359375;413.30105590820313
428;367;640.127685546875;421.29830932617188
429;350;558.416259765625;427.44998168945313
430;349;495.61456298828125;444.10104370117188
431;376;323.96621704101563;467.49996948242188
432;158;96.73602294921875;134.500732421875
433;347;403.45993041992188;138.80198669433594
434;374;232.98690795898438;195.95040893554688
435;389;149.71098327636719;199.75190734863281
436;305;405.30935668945313;227.25079345703125
437;299;324.81100463867188;251.85188293457031
438;54;496.43695068359375;249.44961547851563
439;623;485.78695678710938;256.29959106445313
440;390;35.414619445800781;269.49960327148438
441;337;155.19065856933594;278.49850463867188
442;188;341.46109008789063;315.35150146484375
443;450;393.91482543945313;315.79901123046875
444;319;501.31021118164063;326.35171508789063
445;318;262.46401977539063;329.60000610351563
446;300;308.78152465820313;335.49942016601563
447;342;246.81098937988281;356.951904296875
448;341;336.91482543945313;358.39901733398438
449;360;480.31332397460938;356.34881591796875
450;361;444.60992431640625;364.15200805664063
451;313;122.29066467285156;374.74850463867188
452;449;140.7630615234375;378.19943237304688
453;320;374.0633544921875;385.65054321289063
454;474;359.66305541992188;405.69943237304688
455;303;447.78231811523438;405.79959106445313
456;334;79.761688232421875;414.55154418945313
457;216;144.66110229492188;412.75149536132813
458;297;343.9315185546875;419.34942626953125
459;162;393.35562133789063;426.69992065429688
460;353;506.16461181640625;428.14959716796875
461;304;477.81082153320313;437.34921264648438
462;303;377.78152465820313;449.49942016601563
463;139;267.65936279296875;462.10079956054688
464;348;75.615341186523438;490.14990234375
465;391;485.23233032226563;492.94961547851563
466;137;44.114830017089844;505.7490234375
467;327;172.73231506347656;503.74960327148438
468;326;153.13153076171875;510.54940795898438
469;385;417.00564575195313;528.449951171875
470;538;110.04066467285156;532.1484375
471;717;208.038330078125;551.35052490234375
472;161;61.08697509765625;570.09954833984375
473;92;122.48832702636719;569.25048828125
474;332;151.98753356933594;574.3997802734375
475;388;244.20530700683594;574.548583984375
476;302;134.76429748535156;146.50007629394531
477;373;255.85325622558594;145.60018920898438
478;363;329.02569580078125;145.15159606933594
479;357;384.60317993164063;144.6507568359375
480;380;409.92953491210938;144.89901733398438
481;165;446.53125;145.54690551757813
482;325;658.5533447265625;143.45002746582031
483;365;693.35137939453125;143.45077514648438
484;340;718.20428466796875;143.19822692871094
485;546;109.20392608642578;461.45028686523438
486;343;128.17793273925781;461.4493408203125
487;344;146.40126037597656;460.99969482421875
488;364;183.12794494628906;460.74932861328125
489;215;248.30242919921875;459.99847412109375
490;356;264.6043701171875;459.99884033203125
491;358;297.82568359375;459.30157470703125
492;321;341.05328369140625;459.5501708984375
493;322;373.07583618164063;459.05191040039063
494;215;414.35244750976563;458.7984619140625
495;375;450.82589721679688;458.35089111328125
496;316;476.75433349609375;458.34817504882813
497;362;614.15399169921875;457.59976196289063
498;330;667.07940673828125;456.4007568359375
499;65;688.20556640625;456.64959716796875
500;473;625.8709716796875;65.948295593261719
501;726;357.31820678710938;70.999794006347656
502;763;380.95803833007813;71.249725341796875
503;652;399.51605224609375;73.749725341796875
504;415;419.53106689453125;72.548797607421875
505;32;694.94256591796875;82.550888061523438
506;384;462.09600830078125;94.399635314941406
507;646;479.2344970703125;115.29850006103516
508;732;555.00946044921875;143.94931030273438
509;387;680.794921875;163.89961242675781
510;339;682.393798828125;187.29981994628906
511;140;732.39495849609375;211.54960632324219
512;667;455.65777587890625;240.80189514160156
513;386;426.14492797851563;253.99958801269531
514;654;523.80780029296875;266.60186767578125
515;668;539.7078857421875;267.55120849609375
516;227;421.99319458007813;270.94760131835938
517;298;540.26605224609375;279.69973754882813
518;670;351.53448486328125;321.7984619140625
519;136;572.64495849609375;352.04959106445313
520;748;679.644287109375;351.69802856445313
521;836;699.19598388671875;356.49960327148438
522;697;683.3709716796875;386.14825439453125
523;128;681.24493408203125;398.24960327148438
524;160;722.84429931640625;416.59799194335938
525;862;722.64495849609375;444.44961547851563
526;835;720.2578125;454.0518798828125
527;228;313.98953247070313;507.349365234375
528;1123;372.966064453125;507.54971313476563
529;536;399.84182739257813;509.50119018554688
530;67;429.66433715820313;510.10205078125
531;509;467.64181518554688;511.90121459960938
532;850;501.79074096679688;512.499755859375
533;846;548.76605224609375;512.94970703125
534;988;289.85546875;100.99851226806641
535;803;513.18231201171875;156.54966735839844
536;808;270.05935668945313;176.600830078125
537;494;494.88104248046875;175.05020141601563
538;686;334.91400146484375;187.05006408691406
539;607;331.51022338867188;238.15179443359375
540;163;319.1988525390625;246.5010986328125
541;809;341.5869140625;245.15045166015625
542;686;358.63754272460938;253.29985046386719
543;567;399.41845703125;274.19866943359375
544;831;295.58242797851563;293.49996948242188
545;853;302.30990600585938;310.90206909179688
546;854;368.36019897460938;316.0517578125
547;641;306.55935668945313;338.15081787109375
548;687;363.66168212890625;336.80160522460938
549;916;681.01812744140625;347.9981689453125
550;418;266.0406494140625;353.59854125976563
551;190;306.18826293945313;351.7991943359375
552;888;228.36016845703125;359.15066528320313
553;968;277.13833618164063;371.60049438476563
554;107;192.99066162109375;375.09854125976563
555;891;333.31109619140625;379.05154418945313
556;855;346.440673828125;387.69851684570313
557;873;289.63833618164063;396.95046997070313
558;568;369.49066162109375;400.89852905273438
559;883;253.56304931640625;403.99945068359375
560;946;683.41455078125;405.00106811523438
561;1035;266.5360107421875;420.95074462890625
562;27;118.50141906738281;431.30001831054688
563;794;685.8907470703125;432.099853515625
564;768;348.56109619140625;434.60153198242188
565;916;591.4415283203125;435.00079345703125
566;63;140.40032958984375;439.2506103515625
567;418;283.80093383789063;441.74990844726563
568;1011;342.4014892578125;441.34954833984375
569;429;684.24029541015625;449.49884033203125
570;969;294.114013671875;453.95004272460938
571;902;207.538330078125;459.20050048828125
572;418;310.038330078125;462.45050048828125
573;211;684.9556884765625;467.49993896484375
574;606;597.68682861328125;477.34915161132813
575;87;681.05767822265625;480.80035400390625
576;953;345.73602294921875;491.00076293945313
577;875;596.4874267578125;492.55096435546875
578;205;372.114013671875;504.20004272460938
579;110;400.73831176757813;503.50048828125
580;927;419.03762817382813;502.90054321289063
581;963;479.33831787109375;502.90048217773438
582;338;462.2249755859375;513.1495361328125
583;103;665.98602294921875;87.350051879882813
584;437;677.23602294921875;93.250045776367188
585;1077;707.3623046875;109.19948577880859
586;46;733.2843017578125;122.49980163574219
587;909;475.83627319335938;182.648193359375
588;1076;701.23077392578125;181.19839477539063
589;1211;606.5062255859375;227.50076293945313
590;910;438.90664672851563;254.14889526367188
591;113;492.67669677734375;252.54936218261719
592;905;507.55499267578125;262.80020141601563
593;908;514.8662109375;287.39999389648438
594;501;329.980712890625;315.85037231445313
595;913;440.3662109375;314.74996948242188
596;908;554.7645263671875;314.15109252929688
597;33;363.61016845703125;322.15066528320313
598;912;455.41458129882813;325.30105590820313
599;1137;720.04071044921875;331.54864501953125
600;447;381.31109619140625;336.35153198242188
601;908;590.71783447265625;338.74868774414063
602;1077;658.83306884765625;352.30078125
603;244;421.83148193359375;375.599853515625
604;208;714.61456298828125;385.45108032226563
605;441;441.55499267578125;388.4501953125
606;109;451.43075561523438;395.04833984375
607;104;341.08303833007813;428.30078125
608;438;351.98245239257813;433.79995727539063
609;739;564.86456298828125;434.05105590820313
610;411;574.8907470703125;449.89987182617188
611;908;614.29156494140625;451.1988525390625
612;989;517.51068115234375;456.09979248046875
613;912;635.540283203125;465.34884643554688
614;545;176.68304443359375;473.15078735351563
615;911;654.13104248046875;471.55020141601563
616;919;191.90969848632813;484.19900512695313
617;45;413.44070434570313;486.94866943359375
618;442;208.96923828125;496.09957885742188
619;913;681.37615966796875;497.49969482421875
620;99;376.37692260742188;500.94912719726563
621;986;487.45199584960938;502.64895629882813
622;534;391.92794799804688;506.84796142578125
623;112;383.11019897460938;102.80177307128906
624;52;342.607421875;118.74909210205078
625;111;256.010986328125;125.00196838378906
626;443;245.53602600097656;131.85076904296875
627;920;232.288330078125;135.95050048828125
628;990;410.9554443359375;136.74850463867188
629;863;566.28924560546875;135.34933471679688
630;919;217.760986328125;140.95195007324219
631;98;549.70989990234375;143.00205993652344
632;98;533.636962890625;149.149658203125
633;863;514.3392333984375;158.14935302734375
634;50;170.11482238769531;161.34906005859375
635;925;352.93646240234375;165.54989624023438
636;242;493.50665283203125;165.44888305664063
637;984;664.811279296875;169.39996337890625
638;51;393.68231201171875;173.34965515136719
639;985;654.18231201171875;175.64967346191406
640;445;378.48150634765625;177.44944763183594
641;88;440.887451171875;204.44894409179688
642;892;448.25933837890625;210.350830078125
643;990;262.5552978515625;220.04864501953125
644;931;677.4140625;225.95011901855469
645;924;555.49066162109375;237.79855346679688
646;894;196.03230285644531;271.649658203125
647;421;578.71331787109375;281.24887084960938
648;460;659.53759765625;280.15057373046875
649;922;731.886962890625;279.44964599609375
650;35;469.80563354492188;284.949951171875
651;41;561.49066162109375;283.74856567382813
652;1001;412.28231811523438;290.24966430664063
653;39;529.34063720703125;297.79855346679688
654;31;658.2139892578125;306.70004272460938
655;421;500.71481323242188;313.299072265625
656;91;629.2906494140625;311.94854736328125
657;91;488.48831176757813;318.20050048828125
658;889;326.36099243164063;331.05194091796875
659;90;704.8394775390625;337.54934692382813
660;431;688.288330078125;375.35049438476563
661;30;670.80926513671875;384.55166625976563
662;29;602.06402587890625;416.1500244140625
663;431;594.24066162109375;422.59854125976563
664;90;588.2640380859375;430.9000244140625
665;978;647.71026611328125;433.0517578125
666;545;460.288330078125;461.75048828125
667;62;469.63824462890625;465.09918212890625
668;442;456.14065551757813;471.19854736328125
669;918;439.987548828125;480.4498291015625
670;977;551.71026611328125;485.60174560546875
671;917;421.987548828125;489.09982299804688
672;442;408.43832397460938;495.80050659179688
673;212;374.88601684570313;513.95074462890625
674;772;283.33993530273438;60.90142822265625
675;772;163.94169616699219;120.99974060058594
676;71;187.99240112304688;120.55126953125
677;688;208.76651000976563;120.5494384765625
678;699;267.74334716796875;138.79997253417969
679;36;326.35086059570313;146.00137329101563
680;843;617.6112060546875;167.69931030273438
681;71;85.766517639160156;177.89945983886719
682;688;108.91703033447266;177.65037536621094
683;241;221.36651611328125;179.34944152832031
684;644;322.71066284179688;176.19877624511719
685;456;163.91532897949219;192.80023193359375
686;248;154.14239501953125;197.70127868652344
687;36;173.60086059570313;200.95135498046875
688;644;170.13320922851563;212.69926452636719
689;74;285.03668212890625;224.34996032714844
690;122;301.81893920898438;224.34968566894531
691;699;219.01654052734375;230.45123291015625
692;981;443.66290283203125;230.44927978515625
693;644;219.461181640625;239.34930419921875
694;735;247.16117858886719;241.14932250976563
695;540;452.48760986328125;243.05136108398438
696;16;539.860595703125;258.19851684570313
697;73;527.51531982421875;269.35025024414063
698;122;157.26651000976563;275.7994384765625
699;74;193.83308410644531;274.4012451171875
700;833;328.59335327148438;301.5999755859375
701;75;700.2330322265625;337.85122680664063
702;643;347.68301391601563;345.6494140625
703;38;433.36175537109375;346.84817504882813
704;982;548.13555908203125;351.55050659179688
705;675;574.91119384765625;351.3992919921875
706;537;691.710693359375;353.19876098632813
707;643;683.3612060546875;363.79931640625
708;73;559.54217529296875;375.19876098632813
709;38;639.211181640625;385.99929809570313
710;540;554.7867431640625;391.99996948242188
711;832;249.66242980957031;396.04986572265625
712;537;354.23553466796875;415.15048217773438
713;675;384.0330810546875;415.751220703125
714;75;337.71176147460938;429.19815063476563
715;1051;157.81407165527344;117.35006713867188
716;1026;195.96307373046875;118.04940032958984
717;44;259.33096313476563;136.14816284179688
718;1052;337.28506469726563;165.55104064941406
719;69;357.1800537109375;172.05062866210938
720;396;511.50482177734375;170.00067138671875
721;1058;445.81130981445313;187.99990844726563
722;878;511.75494384765625;188.85197448730469
723;164;238.85496520996094;190.75199890136719
724;435;353.65463256835938;191.50163269042969
725;97;363.554931640625;197.15202331542969
726;1027;105.56099700927734;202.05189514160156
727;209;79.68646240234375;205.29983520507813
728;1028;94.564620971679688;203.49961853027344
729;1031;231.23698425292969;205.54959106445313
730;1050;439.98504638671875;212.75105285644531
731;1057;437.06307983398438;224.14942932128906
732;1055;350.4549560546875;236.75199890136719
733;1041;431.06307983398438;238.29939270019531
734;904;329.31060791015625;250.548583984375
735;1045;317.35934448242188;268.65081787109375
736;1048;86.190658569335938;273.69851684570313
737;1061;178.86109924316406;273.80148315429688
738;1044;308.33682250976563;284.84909057617188
739;1062;438.78753662109375;304.29977416992188
740;1044;200.63697814941406;310.99960327148438
741;47;324.70993041992188;317.50201416015625
742;1045;193.26022338867188;330.35171508789063
743;1037;502.46307373046875;373.3994140625
744;865;173.10963439941406;388.5506591796875
745;1054;367.08697509765625;391.04959106445313
746;101;138.55935668945313;398.35079956054688
747;1036;493.08602905273438;399.10073852539063
748;1056;277.5096435546875;404.95068359375
749;1065;254.28602600097656;452.750732421875
750;1070;444.39065551757813;520.2984619140625
751;1042;290.23614501953125;557.94970703125
752;1060;106.41082000732422;584.149169921875
753;1038;286.93743896484375;589.39886474609375
754;1033;317.41461181640625;591.1995849609375
755;1034;310.46463012695313;599.74957275390625
756;210;368.48831176757813;621.3504638671875
757;1053;268.08645629882813;625.9998779296875
758;1040;267.56100463867188;646.15185546875
759;1064;385.33602905273438;651.80072021484375
760;221;167.66461181640625;656.74957275390625
761;466;348.78506469726563;668.1510009765625
762;1046;245.48681640625;677.1490478515625
763;61;345.01461791992188;676.299560546875
764;1039;223.8602294921875;718.15167236328125
765;68;213.73646545410156;730.39984130859375
766;1063;136.51333618164063;737.74884033203125
767;280;187.99287414550781;183.25108337402344
768;268;622.81103515625;182.64924621582031
769;272;322.98587036132813;213.95036315917969
770;273;342.671142578125;217.29997253417969
771;311;359.34375;220.79881286621094
772;275;376.52114868164063;223.79997253417969
773;267;641.3062744140625;234.20100402832031
774;271;662.64324951171875;274.8001708984375
775;239;118.59510803222656;279.10061645507813
776;252;687.0152587890625;280.59909057617188
777;251;707.2919921875;285.99786376953125
778;252;720.1419677734375;289.59786987304688
779;301;736.39007568359375;293.60012817382813
780;254;351.90396118164063;318.84808349609375
781;266;377.53265380859375;324.6490478515625
782;270;580.88580322265625;375.2503662109375
783;269;581.2867431640625;393.94888305664063
784;713;622.32049560546875;395.49893188476563
785;119;633.97113037109375;397.55084228515625
786;262;582.4951171875;401.15060424804688
787;264;584.24853515625;419.65078735351563
788;702;238.78553771972656;107.20046997070313
789;555;209.41995239257813;118.14994812011719
790;531;342.74166870117188;118.74974060058594
791;553;211.04238891601563;130.75128173828125
792;222;250.718017578125;129.99789428710938
793;557;212.06654357910156;147.90121459960938
794;1259;346.23480224609375;148.50129699707031
795;1260;346.16119384765625;160.25123596191406
796;72;242.68302917480469;181.39942932128906
797;1183;201.61654663085938;187.60122680664063
798;1203;331.04238891601563;185.10127258300781
799;1176;217.61067199707031;193.84877014160156
800;528;130.83607482910156;198.80097961425781
801;1201;300.36651611328125;198.30123901367188
802;529;60.139904022216797;201.89994812011719
803;527;89.137870788574219;203.94966125488281
804;525;107.39331817626953;200.09855651855469
805;223;326.78988647460938;228.29997253417969
806;1177;199.11067199707031;249.64875793457031
807;224;324.28988647460938;249.54997253417969
808;522;405.63607788085938;259.8509521484375
809;520;93.039901733398438;283.39993286132813
810;524;391.48199462890625;287.0989990234375
811;1173;241.53071594238281;298.149169921875
812;627;389.90982055664063;295.50143432617188
813;1170;196.58303833007813;303.0494384765625
814;1171;210.26068115234375;303.39877319335938
815;1172;223.71067810058594;302.59878540039063
816;1174;257.68301391601563;300.6494140625
817;1175;274.93301391601563;299.59942626953125
818;1168;140.86058044433594;306.54855346679688
819;259;227.85580444335938;116.65011596679688
820;56;170.40596008300781;135.00021362304688
821;293;464.05242919921875;154.45149230957031
822;289;611.83038330078125;172.29997253417969
823;274;393.8629150390625;185.09927368164063
824;253;445.12957763671875;182.24935913085938
825;258;688.80731201171875;183.35054016113281
826;286;419.56289672851563;196.49929809570313
827;312;438.53988647460938;206.94996643066406
828;276;454.456298828125;213.35116577148438
829;245;228.42413330078125;220.25141906738281
830;714;245.51387023925781;226.99884033203125
831;288;466.32888793945313;224.74984741210938
832;24;177.25914001464844;228.69937133789063
833;291;247.63597106933594;239.99949645996094
834;282;630.55267333984375;237.85194396972656
835;279;660.9083251953125;246.24943542480469
836;285;637.7069091796875;295.55007934570313
837;276;652.20623779296875;301.05117797851563
838;281;378.1795654296875;306.24935913085938
839;290;416.53302001953125;309.39944458007813
840;312;665.3575439453125;307.45028686523438
841;287;394.80242919921875;318.10150146484375
842;283;690.25537109375;320.40194702148438
843;261;285.70535278320313;330.95196533203125
844;259;735.7806396484375;341.50115966796875
845;906;744.05462646484375;345.25131225585938
846;114;752.78265380859375;348.84994506835938
847;263;470.68667602539063;372.64996337890625
848;265;473.70751953125;381.60025024414063
849;258;342.31124877929688;384.94918823242188
850;714;601.15753173828125;392.05026245117188
851;284;632.48065185546875;391.8011474609375
852;120;613.73150634765625;399.70050048828125
853;921;733.2913818359375;401.80026245117188
854;56;678.307373046875;428.14944458007813
855;24;658.93505859375;439.5487060546875
856;296;661.98388671875;457.30181884765625
857;477;573.1815185546875;466.80050659179688
858;556;339.2569580078125;48.100074768066406
859;19;339.73263549804688;73.450004577636719
860;554;268.80593872070313;76.45025634765625
861;558;269.33065795898438;88.351165771484375
862;463;335.63262939453125;91.700004577636719
863;564;338.40533447265625;102.65196990966797
864;563;337.15835571289063;115.94947814941406
865;562;340.5826416015625;143.64999389648438
866;11;258.558349609375;152.19947814941406
867;994;384.1806640625;151.85116577148438
868;566;425.83065795898438;151.25115966796875
869;102;481.34197998046875;153.89784240722656
870;974;227.3624267578125;155.60169982910156
871;976;521.70465087890625;164.20135498046875
872;979;550.50048828125;168.80120849609375
873;559;333.05801391601563;174.40005493164063
874;55;590.880615234375;179.05073547363281
875;998;335.3572998046875;195.74964904785156
876;983;463.38754272460938;202.54985046386719
877;464;263.65576171875;205.60107421875
878;584;326.15859985351563;215.19871520996094
879;596;464.46243286132813;218.10169982910156
880;997;323.1826171875;234.14999389648438
881;247;406.41244506835938;232.85169982910156
882;992;663.22955322265625;238.1015625
883;246;520.1624755859375;240.90168762207031
884;993;555.1226806640625;245.15187072753906
885;436;615.475341796875;255.94969177246094
886;433;499.76242065429688;259.501708984375
887;523;370.50735473632813;265.84951782226563
888;121;636.12359619140625;269.15008544921875
889;1206;180.78012084960938;274.35125732421875
890;626;362.83139038085938;274.35086059570313
891;94;500.10833740234375;272.29946899414063
892;43;249.05683898925781;278.79953002929688
893;1181;234.77787780761719;303.75103759765625
894;295;259.62786865234375;311.04940795898438
895;1181;252.97929382324219;313.44873046875
896;864;313.80694580078125;319.60012817382813
897;76;341.82919311523438;329.05169677734375
898;565;433.98065185546875;333.65118408203125
899;526;409.97482299804688;341.75057983398438
900;595;306.43548583984375;345.49874877929688
901;578;384.4046630859375;349.35134887695313
902;980;564.77581787109375;361.30010986328125
903;1166;157.15347290039063;369.64920043945313
904;1205;355.80392456054688;369.14956665039063
905;995;625.673583984375;371.50006103515625
906;1179;177.55348205566406;380.2991943359375
907;552;390.85568237304688;380.19937133789063
908;996;668.27264404296875;396.0018310546875
909;1179;216.77864074707031;401.2991943359375
910;96;444.34994506835938;401.15072631835938
911;1166;228.37930297851563;407.2987060546875
912;434;456.52362060546875;408.95022583007813
913;28;511.7003173828125;436.55007934570313
914;505;196.97789001464844;453.051025390625
915;1202;284.02932739257813;483.84872436523438
916;1204;321.52786254882813;482.90103149414063
917;1008;440.33831787109375;143.75045776367188
918;451;381.08831787109375;216.10043334960938
919;1007;456.23922729492188;216.54928588867188
920;414;374.28695678710938;240.69961547851563
921;893;466.98831176757813;285.70046997070313
922;945;493.16110229492188;305.35147094726563
923;830;391.16168212890625;316.90155029296875
924;871;405.31109619140625;322.1514892578125
925;459;479.16400146484375;334.04998779296875
926;10;478.71401977539063;344.95001220703125
927;945;334.63754272460938;368.24978637695313
928;459;333.31109619140625;383.75149536132813
929;475;393.6610107421875;388.15188598632813
930;929;48.185050964355469;395.25106811523438
931;885;432.3148193359375;394.54901123046875
932;10;332.2906494140625;397.74850463867188
933;869;50.335052490234375;425.25106811523438
934;928;261.98150634765625;423.44943237304688
935;962;260.23233032226563;442.89959716796875
936;959;47.830772399902344;537.95001220703125
937;970;387.77969360351563;536.59942626953125
938;960;460.63232421875;554.9495849609375
939;898;51.739231109619141;595.14923095703125
940;692;394.31402587890625;596.5
941;900;394.861083984375;607.55145263671875
942;890;256.08151245117188;622.04937744140625
943;901;49.510219573974609;629.8516845703125
944;419;258.73150634765625;634.29937744140625
945;936;212.010986328125;646.65185546875
946;570;361.34066772460938;646.3984375
947;958;255.65702819824219;654.20013427734375
948;886;92.159904479980469;658.6519775390625
949;420;210.66023254394531;661.751708984375
950;467;156.41099548339844;667.3018798828125
951;571;390.73696899414063;670.99957275390625
952;25;210.61117553710938;680.1488037109375
953;951;525.9169921875;83.200386047363281
954;955;412.283203125;88.999313354492188
955;938;471.78659057617188;101.59986114501953
956;967;724.00665283203125;99.300094604492188
957;877;265.13302612304688;171.04948425292969
958;859;716.781982421875;247.1490478515625
959;15;560.08990478515625;250.25001525878906
960;516;158.98760986328125;256.50140380859375
961;513;139.01068115234375;261.39883422851563
962;1016;156.76289367675781;267.19931030273438
963;870;117.88990783691406;271.5
964;949;195.63304138183594;278.0994873046875
965;515;222.73991394042969;280.25
966;872;307.95980834960938;286.25146484375
967;157;551.7332763671875;304.39993286132813
968;933;440.26055908203125;311.798583984375
969;37;461.727294921875;336.05068969726563
970;560;158.81802368164063;342.99789428710938
971;859;485.38327026367188;343.39993286132813
972;504;509.7332763671875;350.09991455078125
973;767;531.9830322265625;356.34945678710938
974;551;702.86700439453125;359.79876708984375
975;422;430.27719116210938;364.39895629882813
976;999;235.20033264160156;369.54995727539063
977;93;420.12606811523438;375.19967651367188
978;469;223.075439453125;380.248291015625
979;59;208.62541198730469;388.89926147460938
980;486;411.74334716796875;396.6500244140625
981;514;177.50982666015625;403.6014404296875
982;972;724.3433837890625;428.70001220703125
983;938;382.08651733398438;443.1007080078125
984;972;500.9993896484375;445.89996337890625
985;951;333.36651611328125;468.30126953125
986;937;170.11482238769531;79.749031066894531
987;987;398.159912109375;106.65203094482422
988;123;660.18231201171875;112.39962768554688
989;17;219.90934753417969;122.25079345703125
990;776;660.48150634765625;141.19941711425781
991;425;188.4140625;148.55009460449219
992;82;176.29066467285156;156.54852294921875
993;915;497.06402587890625;167.85002136230469
994;424;324.68505859375;191.25105285644531
995;26;504.98922729492188;201.34930419921875
996;9;333.35992431640625;204.80201721191406
997;533;667.7322998046875;213.69963073730469
998;70;666.98150634765625;225.44941711425781
999;1075;665.83233642578125;238.64964294433594
1000;461;669.48919677734375;251.34930419921875
1001;20;669.7861328125;266.74969482421875
1002;430;435.68505859375;270.95108032226563
1003;89;423.78826904296875;277.149169921875
1004;1074;563.9554443359375;311.24844360351563
1005;1069;589.3310546875;349.400146484375
1006;465;634.55987548828125;348.7020263671875
1007;129;657.7823486328125;357.94961547851563
1008;70;418.9315185546875;376.54940795898438
1009;533;406.32977294921875;381.95098876953125
1010;83;166.288330078125;396.95046997070313
1011;426;159.439453125;406.99929809570313
1012;966;267.86306762695313;419.59939575195313
1013;18;145.09066772460938;438.09848022460938
1014;8;412.4315185546875;460.3994140625
1015;143;422.60610961914063;35.001026153564453
1016;624;395.9783935546875;51.050971984863281
1017;5;213.20611572265625;61.501026153564453
1018;1219;260.73785400390625;72.549713134765625
1019;240;622.26806640625;80.700996398925781
1020;7;124.35981750488281;104.35145568847656
1021;1218;248.63554382324219;108.050537109375
1022;943;554.3634033203125;134.00028991699219
1023;948;585.309326171875;138.350830078125
1024;14;469.89239501953125;160.25132751464844
1025;964;481.09335327148438;171.30000305175781
1026;14;468.31802368164063;196.60102844238281
1027;423;417.01995849609375;200.69999694824219
1028;543;701.8424072265625;205.85133361816406
1029;79;419.91290283203125;213.19931030273438
1030;53;707.46807861328125;213.80101013183594
1031;423;656.6279296875;230.44935607910156
1032;1113;251.91288757324219;248.69931030273438
1033;947;417.44580078125;259.0001220703125
1034;79;496.01068115234375;320.69882202148438
1035;423;477.96994018554688;329.3499755859375
1036;881;414.96994018554688;341.3499755859375
1037;14;396.80984497070313;360.94522094726563
1038;588;256.236083984375;14.201000213623047
1039;592;274.00665283203125;45.800067901611328
1040;593;227.63554382324219;50.800502777099609
1041;591;231.21116638183594;63.201248168945313
1042;1192;451.58477783203125;68.7012939453125
1043;491;334.41464233398438;85.999618530273438
1044;589;290.36117553710938;92.951248168945313
1045;492;305.06289672851563;93.899330139160156
1046;1193;451.11175537109375;90.398223876953125
1047;590;181.23606872558594;105.65100860595703
1048;118;279.51068115234375;107.798828125
1049;1191;450.435546875;113.800537109375
1050;490;431.98318481445313;129.39930725097656
1051;1194;449.98553466796875;139.00054931640625
1052;625;449.13406372070313;176.45039367675781
1053;151;213.76173400878906;186.64822387695313
1054;499;448.58990478515625;190.75001525878906
1055;147;522.81060791015625;197.19856262207031
1056;166;436.70980834960938;208.60145568847656
1057;860;437.36117553710938;229.40126037597656
1058;532;696.93408203125;235.25041198730469
1059;1018;366.92263793945313;251.34855651855469
1060;1032;438.41290283203125;253.49932861328125
1061;1072;465.31341552734375;264.80029296875
1062;1080;532.63555908203125;320.70053100585938
1063;1187;501.74334716796875;336.20001220703125
1064;1025;173.7847900390625;339.65130615234375
1065;1021;428.66290283203125;348.39932250976563
1066;1079;464.01116943359375;354.99932861328125
1067;1023;429.461181640625;364.001220703125
1068;1188;564.62646484375;363.90045166015625
1069;1018;347.96804809570313;381.9010009765625
1070;1022;429.41290283203125;384.54928588867188
1071;1190;686.3424072265625;386.80126953125
1072;1029;429.26290893554688;407.59930419921875
1073;1186;522.4447021484375;420.54965209960938
1074;1185;499.64471435546875;431.19967651367188
1075;1020;429.211181640625;437.45123291015625
1076;583;482.79336547851563;437.35000610351563
1077;1024;534.15667724609375;462.05010986328125
1078;1021;429.9376220703125;467.951416015625
1079;108;430.33990478515625;481.99996948242188
1080;510;382.8505859375;196.39884948730469
1081;500;207.90007019042969;212.80062866210938
1082;511;387.30105590820313;249.39889526367188
1083;398;399.90106201171875;275.19888305664063
1084;512;348.05035400390625;339.24945068359375
1085;399;114.95698547363281;376.7008056640625
1086;407;373.10989379882813;171.49781799316406
1087;412;171.18782043457031;221.54893493652344
1088;417;517.43328857421875;250.00169372558594
1089;413;270.85934448242188;271.00128173828125
1090;587;344.7088623046875;303.15005493164063
1091;406;215.53628540039063;387.64968872070313
1092;403;441.21148681640625;417.24859619140625
1093;409;214.63421630859375;563.5498046875
1094;393;314.65509033203125;666.1513671875
1095;579;623.71697998046875;70.600410461425781
1096;580;209.19334411621094;79.850021362304688
1097;1;438.43704223632813;86.450714111328125
1098;1213;210.39334106445313;118.50001525878906
1099;472;648.61651611328125;124.00129699707031
1100;472;458.3424072265625;145.85133361816406
1101;1212;212.36651611328125;149.44947814941406
1102;1043;679.14239501953125;182.95130920410156
1103;1043;494.4189453125;204.99974060058594
1104;1043;685.99237060546875;283.00131225585938
1105;582;424.76803588867188;321.05096435546875
1106;581;384.74166870117188;338.79974365234375
1107;691;720.211181640625;355.85122680664063
1108;672;461.08477783203125;360.05126953125
1109;722;409.53073120117188;377.34921264648438
1110;780;687.58319091796875;374.94927978515625
1111;671;380.73785400390625;385.74969482421875
1112;673;308.03555297851563;407.80050659179688
1113;478;278.83554077148438;416.20053100585938
1114;1078;576.9390869140625;419.3504638671875
1115;773;233.98553466796875;429.80050659179688
1116;775;687.93408203125;440.10037231445313
1117;394;576.26068115234375;444.54879760742188
1118;774;688.41119384765625;452.59933471679688
1119;868;231.33761596679688;112.40134429931641
1120;458;189.38479614257813;120.80126953125
1121;1144;158.78669738769531;125.69993591308594
1122;923;175.35981750488281;124.15138244628906
1123;1124;464.98760986328125;143.95132446289063
1124;214;346.71176147460938;150.54818725585938
1125;22;181.66116333007813;193.00123596191406
1126;476;271.41464233398438;193.99958801269531
1127;446;209.18991088867188;208.59996032714844
1128;454;323.51116943359375;210.20118713378906
1129;173;309.711181640625;216.20118713378906
1130;1002;502.16119384765625;216.05122375488281
1131;1017;446.43667602539063;234.89994812011719
1132;250;412.87838745117188;240.200927734375
1133;446;290.2646484375;259.24960327148438
1134;84;306.33071899414063;268.149169921875
1135;150;425.8424072265625;265.85125732421875
1136;1157;299.309814453125;308.70138549804688
1137;392;133.7330322265625;355.24942016601563
1138;897;425.3424072265625;391.1512451171875
1139;405;134.33303833007813;404.09942626953125
1140;585;310.7508544921875;404.60134887695313
1141;585;456.45086669921875;412.5013427734375
1142;452;342.08328247070313;429.29989624023438
1143;172;355.78326416015625;428.44989013671875
1144;13;501.79238891601563;445.00125122070313
1145;991;497.83706665039063;476.20068359375
1146;452;286.2330322265625;501.19943237304688
1147;206;266.26055908203125;504.79855346679688
1148;879;338.5924072265625;540.6512451171875
1149;700;487.46652221679688;553.001220703125
1150;874;254.86117553710938;574.749267578125
1151;77;486.39337158203125;574.14996337890625
1152;213;478.58477783203125;621.4012451171875
1153;1116;128.59239196777344;631.001220703125
1154;493;413.21292114257813;636.89923095703125
1155;1015;478.41119384765625;638.701171875
1156;1117;312.38302612304688;643.4993896484375
1157;1148;373.01068115234375;649.998779296875
1158;207;340.93301391601563;659.94940185546875
1159;1147;316.18319702148438;665.59930419921875
1160;249;503.51116943359375;679.00115966796875
1161;457;490.46292114257813;684.99920654296875
1162;457;475.139892578125;701.09991455078125
1163;249;475.3629150390625;713.44921875
1164;895;333.01400756835938;92.750015258789063
1165;884;188.0146484375;127.74958801269531
1166;85;143.18991088867188;138.29997253417969
1167;876;123.03607177734375;144.90095520019531
1168;884;371.06289672851563;146.94924926757813
1169;427;140.18199157714844;150.04901123046875
1170;941;97.787612915039063;154.15133666992188
1171;941;64.33990478515625;165.29997253417969
1172;887;162.28990173339844;194.34996032714844
1173;896;369.08761596679688;193.15133666992188
1174;907;43.187614440917969;232.75137329101563
1175;85;136.200439453125;269.64993286132813
1176;146;142.02386474609375;350.89990234375
1177;1221;191.10169982910156;351.84912109375
1178;1222;159.22308349609375;363.00027465820313
1179;1145;119.52479553222656;376.69976806640625
1180;149;297.60052490234375;377.39971923828125
1181;1149;392.31173706054688;380.79818725585938
1182;144;79.27386474609375;390.09991455078125
1183;1151;357.81118774414063;390.40118408203125
1184;1214;347.05020141601563;407.34957885742188
1185;1150;485.18197631835938;412.39898681640625
1186;66;274.76531982421875;426.55026245117188
1187;444;302.60006713867188;432.19964599609375
1188;1152;474.11117553710938;429.40118408203125
1189;255;311.69198608398438;439.85000610351563
1190;4;465.4605712890625;440.34854125976563
1191;1223;138.84774780273438;447.25225830078125
1192;6;198.12576293945313;462.90087890625
1193;1118;254.75022888183594;478.09994506835938
1194;1146;63.549942016601563;485.14993286132813
1195;1215;361.37466430664063;488.04998779296875
1196;1119;114.90084838867188;493.54910278320313
1197;1216;336.10073852539063;493.19891357421875
1198;1112;371.40145874023438;507.59893798828125
1199;3;288.97525024414063;510.249755859375
1200;1049;488.81271362304688;534.8001708984375
1201;1155;385.4990234375;576.7000732421875
1202;1156;385.80133056640625;587.64984130859375
1203;1030;474.30001831054688;595.20068359375
1204;1115;444.90170288085938;604.6990966796875
1205;1220;422.09902954101563;612.7000732421875
1206;882;408.77386474609375;617.2998046875
1207;1114;298.50067138671875;625.89984130859375
1208;395;383.0477294921875;626.6522216796875
1209;1153;324.17568969726563;632.750244140625
1210;834;417.84521484375;206.64756774902344
1211;786;299.27410888671875;116.29750823974609
1212;786;365.14752197265625;133.90016174316406
1213;786;224.57920837402344;405.0989990234375
1214;1197;170.88505554199219;342.25030517578125
1215;975;350.04681396484375;686.2999267578125
1216;680;441.1966552734375;171.9000244140625
1217;680;439.68505859375;243.65036010742188
1218;243;493.50665283203125;165.44888305664063
1219;1067;178.86109924316406;273.80148315429688
1220;1068;438.78753662109375;304.29977416992188
1221;1066;324.70993041992188;317.50201416015625
1222;572;93.039901733398438;283.39993286132813
1223;971;387.77969360351563;536.59942626953125
1224;899;51.739231109619141;595.14923095703125
1225;952;525.9169921875;83.200386047363281
1226;1009;525.9169921875;83.200386047363281
1227;1010;525.9169921875;83.200386047363281
1228;939;471.78659057617188;101.59986114501953
1229;940;471.78659057617188;101.59986114501953
1230;954;471.78659057617188;101.59986114501953
1231;1000;117.88990783691406;271.5
1232;561;158.81802368164063;342.99789428710938
1233;858;509.7332763671875;350.09991455078125
1234;973;724.3433837890625;428.70001220703125
1235;939;382.08651733398438;443.1007080078125
1236;940;382.08651733398438;443.1007080078125
1237;954;382.08651733398438;443.1007080078125
1238;973;500.9993896484375;445.89996337890625
1239;952;333.36651611328125;468.30126953125
1240;1009;333.36651611328125;468.30126953125
1241;1010;333.36651611328125;468.30126953125
1242;1073;465.31341552734375;264.80029296875
1243;1081;482.79336547851563;437.35000610351563
1244;518;207.90007019042969;212.80062866210938
1245;402;114.95698547363281;376.7008056640625
1246;410;114.95698547363281;376.7008056640625
1247;574;114.95698547363281;376.7008056640625
1248;594;438.43704223632813;86.450714111328125
1249;852;687.93408203125;440.10037231445313
1250;498;133.7330322265625;355.24942016601563
1251;1224;497.83706665039063;476.20068359375
1252;1158;297.60052490234375;377.39971923828125
1253;1160;465.4605712890625;440.34854125976563
1254;1159;198.12576293945313;462.90087890625
1255;1217;336.10073852539063;493.19891357421875
1256;1154;288.97525024414063;510.249755859375
