Id;SectionId;PartId;PartNumber;PageNumber;StartPageNumber;Additional_Info;Quantity;Remarks
1;31;1;06-5638;81;80;MPH;1;
2;33;2;06-8019;85;84;;1;Europe, except France
3;33;3;06-8020;85;84;;1;France
4;33;4;06-8024;85;84;;1;Canada only
5;27;5;06-8029;73;72;;1;
6;33;6;06-8048;85;84;;1;Europe
7;27;7;06-8058;73;72;;1;
8;26;16;14-0101;71;70;rear stay to blade;2;Bolt, rear stay to blade
9;26;16;14-0101;71;70;;2;Fender top fixing
10;24;16;14-0101;67;66;;4;Hinge Attachment
11;23;16;14-0101;65;62;mounting to coil tray;1;"1/4"" UNF x 5/8"" UH"
12;26;16;14-0101;71;70;;4;Number plate attachment
13;32;17;14-0102;83;82;;1;Coil and tool tray attachment, rear.
14;27;17;14-0102;73;72;;4;No. plate brackets and support plate to fender
15;25;17;14-0102;69;68;;4;
16;18;17;14-0102;49;48;;4;Muffler to hanger
17;26;17;14-0102;71;70;;2;Bridge to fender
18;26;17;14-0102;71;70;;2;Grab rail to fender
19;23;17;14-0102;65;62;body to mounting;1;"1/4"" UNF x 5/8"" UH"
20;26;18;14-0103;71;70;bridge piece to fork leg;2;
21;23;18;14-0103;63;62;adjuster,stop light;1;"1/4"" UNF x 3/8"" U.H ."
22;32;18;14-0103;83;82;;2;Horn attachment
23;21;18;14-0103;57;56;;2;Bracket to fork leg and bridge piece
24;22;19;14-0107;61;60;"chain adjuster (1/4"" UNF x 1 1/2"" UH)";2;
25;24;20;14-0113;67;66;;2;
26;26;21;14-0114;71;70;;2;Fender front fixing
27;15;21;14-0114;43;42;;1;Prop stand stop
28;23;21;14-0114;65;62;master cylinder/plate fixing rear;1;
29;17;22;14-0115;47;46;;4;Rear motor plates to frame
30;17;23;14-0116;47;46;;1;Rear motor plates to frame
31;17;25;14-0129;47;46;;1;Bracket to frame
32;14;26;14-0201;41;40;;1;
33;16;27;14-0206;45;44;chainguard fixing front;1;
34;9;28;14-0208;31;30;;1;
35;17;29;14-0216;47;46;;2;Footrest swivel
36;18;31;14-0217;49;48;;2;Exhaust pipes to coupling pipe
37;25;34;14-0218;69;68;;2;All models - left assy to right assy
38;18;36;14-0219;49;48;;2;Exhaust pipes to mufflers
39;17;39;14-0220;47;46;;2;Motor to motor plates
40;25;42;14-0221;69;68;;2;All models - Cover to body
41;17;42;14-0221;47;46;;2;Motor to motor plates
42;2;45;14-0230;11;10;long,crankcase halves;1;
43;23;46;14-0232;63;62;caliper to mounting;2;
44;19;47;14-0234;51;50;;1;
45;16;47;14-0234;45;44;damper,lower;2;
46;16;48;14-0235;45;44;damper,top;2;
47;19;50;14-0237;51;50;RIGHT;1;
48;5;54;14-0241;19;18;cylinder head;4;
49;6;54;14-0241;23;22;cylinder head;4;
50;17;58;14-0254;47;46;;1;Motor fixing front
51;17;60;14-0259;47;46;left;1;
52;17;62;14-0261;47;46;right;1;
53;27;64;14-0301;73;72;;1;Tail lamp support to fender
54;12;64;14-0301;37;36;;4;
55;23;64;14-0301;63;62;adjuster screw;1;"1/4"" UNF"
56;22;64;14-0301;61;60;"chain adjuster screw (1/4"" UNF)";2;
57;5;64;14-0301;19;18;;6;
58;6;64;14-0301;23;22;;6;
59;25;65;14-0302;69;68;;2;All models - Cover to body
60;24;65;14-0302;67;66;;1;
61;19;65;14-0302;51;50;;8;
62;17;66;14-0304;47;46;;1;Motor to frame centre bottom
63;15;69;14-0402;43;42;;1;Prop stand stop
64;2;69;14-0402;11;10;exhaust ties;2;
65;13;70;14-0403;39;38;;1;
66;33;71;14-0404;87;84;;6;Flasher lamp stanchion
67;14;74;14-0702;41;40;;3;
68;19;77;14-1019;51;50;;2;
69;19;78;14-1034;51;50;;2;
70;26;79;14-1201;71;70;;5;
71;18;79;14-1201;49;48;;2;
72;21;79;14-1201;57;56;;1;
73;18;79;14-1201;49;48;;4;Muffler to hanger
74;18;80;14-1202;49;48;;2;Exhaust pipes to coupling pipe
75;18;80;14-1202;49;48;;2;Exhaust pipes to mufflers
76;23;81;14-1203;63;62;caliper to mounting plate bolt;2;
77;32;83;14-1301;83;82;;1;Coil and tool tray attachment, rear.
78;4;83;14-1301;17;16;Carb. to manifold;2;T140V
79;27;83;14-1301;73;72;;4;No. plate brackets and support plate to fender
80;4;83;14-1301;17;16;Carberator to manifold and head;4;T140V
81;26;83;14-1301;71;70;;2;Fender top fixing
82;26;83;14-1301;71;70;;2;Bridge to fender
83;26;83;14-1301;71;70;;2;Grab rail to fender
84;32;83;14-1301;83;82;;2;Horn attachment
85;33;83;14-1301;85;84;;1;Battery carrier mounting
86;26;83;14-1301;71;70;;4;Number plate attachment
87;15;84;14-1302;43;42;;4;Sump plate to frame
88;17;84;14-1302;47;46;;2;Footrest swivel
89;26;84;14-1302;71;70;;2;Fender front fixing
90;17;84;14-1302;47;46;;5;Rear motor plates to frame
91;17;84;14-1302;47;46;;4;Motor to motor plates
92;12;84;14-1302;37;36;;1;
93;25;84;14-1302;69;68;;2;
94;23;84;14-1302;63;62;cylinder to frame bolt;2;"5/16"" UNF self locking"
95;2;84;14-1302;11;10;;5;
96;23;84;14-1302;65;62;;1;
97;19;85;14-1303;51;50;;1;
98;17;85;14-1303;47;46;;2;Footrest to frame
99;16;85;14-1303;45;44;;1;
100;2;85;14-1303;11;10;;1;
101;19;85;14-1303;51;50;;2;
102;23;85;14-1303;63;62;brake pedal spindle,inner;1;
103;16;85;14-1303;45;44;damper,top;2;
104;16;85;14-1303;45;44;;2;
105;5;85;14-1303;19;18;Torque stay;2;
106;6;85;14-1303;23;22;Torque stay;2;
107;15;85;14-1303;43;42;;1;
108;28;85;14-1303;75;74;;2;
109;16;86;14-1304;45;44;torque stay to swinging arm;1;
110;15;86;14-1304;43;42;;2;
111;17;86;14-1304;47;46;;1;Motor fixing front
112;17;87;14-1305;47;46;;2;
113;16;89;14-1307;45;44;swinging arm pivot;1;
114;22;89;14-1307;61;60;"wheel spindle (5/8"" UNF self locking)";1;
115;5;90;14-1401;19;18;rocker box;6;
116;6;90;14-1401;23;22;rocker box;6;
117;2;91;14-1445;11;10;rear;1;
118;28;93;14-1901;75;74;pivot pin;1;
119;20;96;14-1903;55;54;;4;
120;22;96;14-1903;61;60;"disc/sprocket bolt (3/8"" UNF self locking)";4;
121;23;96;14-1903;63;62;brake pedal spindle,outer;1;
122;18;97;14-2205;49;48;;2;
123;26;97;14-2205;71;70;bridge piece to blade;3;
124;2;99;14-6101;13;10;;1;
125;5;101;14-6103;21;18;;8;
126;6;101;14-6103;25;22;;8;
127;4;102;14-6113;17;16;bracket to manifold;1;T140V
128;14;102;14-6113;41;40;primary cover;1;
129;26;103;14-6114;71;70;stay to spindle cap;2;
130;2;106;14-6220;11;10;top rear;1;
131;2;108;14-6223;11;10;top front;1;
132;2;110;14-6242;11;10;rear,crankcase halves;1;
133;5;113;14-6606;21;18;;4;
134;6;113;14-6606;25;22;;4;
135;9;115;14-6608;31;30;short;6;
136;14;115;14-6608;41;40;;6;
137;12;115;14-6608;37;36;;1;
138;9;116;14-6609;31;30;long;2;
139;12;116;14-6609;37;36;;2;
140;14;117;14-6620;41;40;;2;
143;27;121;14-7804;73;72;;1;
144;33;132;19-1191;85;84;;1;
145;33;133;19-1284;85;84;;1;Europe
146;33;134;19-1377;85;84;;4;
147;28;135;19-1961;75;74;right hand;1;
148;33;137;19-1962;87;84;;1;Not illustrated
149;33;138;19-1963;85;84;flasher lamp rear;2;
150;32;140;19-1964;83;82;;2;
151;28;141;19-1965;75;74;left hand;1;
152;8;143;19-2452;29;28;left;1;
153;8;145;19-2453;29;28;right;1;
154;7;147;19-2454;27;26;;1;
155;23;148;19-6901;63;62;;1;
156;21;148;19-6901;57;56;;2;
157;25;149;21 -0501;69;68;;2;All models - left assy to right assy
158;12;151;21-0541;37;36;;1;
159;2;152;21-0543;11;10;;1;
160;14;153;21-0544;41;40;;2;
161;12;153;21-0544;37;36;;1;
162;12;154;21-0547;37;36;;4;
163;15;155;21-0550;43;42;;2;
164;19;156;21-0578;51;50;;1;
165;13;157;21-0586;39;38;;1;
166;28;158;21-0589;75;74;;2;
167;11;159;21-0594;35;34;;1;
169;2;161;21-0669;11;10;crankcase halves;1;
170;5;163;21-0692;19;18;;4;
171;6;163;21-0692;23;22;;4;
172;32;164;21-0778;83;82;;2;Condenser attachment
173;32;164;21-0778;83;82;;2;Bracket to frame
174;31;164;21-0778;81;80;;4;For speedo and Tacho mounting (not illustrated)
176;2;166;21-1823;11;10;short-crankcase halves;2;
178;2;169;21-1863;11;10;;1;
179;3;170;21-1864;15;14;;2;
180;2;171;21-1865;11;10;;4;
181;2;172;21-1870;11;10;rear;1;
182;2;174;21-1871;11;10;;1;
183;2;175;21-1872;11;10;timing hole;1;
184;5;177;21-1875;19;18;rocker box;4;
185;6;177;21-1875;23;22;rocker box;4;
186;4;178;21-1876;17;16;;4;TR7RV
187;4;180;21-1877;17;16;;4;TR7RV
188;12;182;21-1879;37;36;;2;
189;3;183;21-1906;15;14;;2;
190;15;185;21-1908;43;42;;1;Junction block to crankcase
199;4;194;21-1996;17;16;carburetor to manifold;2;TR7RV
204;24;202;21-2064;67;66;tank badge;4;
205;15;204;21-2077;43;42;;2;
206;32;205;21-2079;83;82;;2;Condenser attachment
207;32;205;21-2079;83;82;;1;Flasher unit attach.
208;16;206;21-2087;45;44;swinging arm;1;
210;19;209;21-2102;51;50;;8;
211;15;210;21-2109;43;42;;4;Sump plate to frame
212;17;212;21-2112;47;46;;1;Motor to frame centre bottom
213;32;214;21-2120;83;82;spring to battery carrier;1;
214;32;214;21-2120;83;82;;2;Bracket to frame
215;13;216;21-2157;39;38;;3;
216;12;217;21-2162;37;36;;2;
217;5;218;21-2177;19;18;;4;
218;6;218;21-2177;23;22;;4;
219;1;219;21-2182;9;8;;1;
220;1;220;21-2183;9;8;;1;
221;19;221;21-2189;51;50;caliper to outer member;2;
222;21;223;21-2191;57;56;;1;
223;21;224;21-2192;57;56;short;2;
224;21;226;21-2194;57;56;long;2;
225;5;230;21-2197;19;18;Torque stay;2;
226;6;230;21-2197;23;22;Torque stay;2;
227;14;231;21-2198;41;40;;1;
228;14;232;21-2199;41;40;;2;
229;5;233;21-2200;19;18;cylinder head (5/16 in.);2;
230;6;233;21-2200;23;22;cylinder head (5/16 in.);2;
231;5;234;21-2201;19;18;cylinder head (3/8 in.);4;
232;6;234;21-2201;23;22;;4;
233;5;235;21-2204;19;18;;4;
234;6;235;21-2204;23;22;;4;
235;5;236;21-2205;19;18;;2;
236;6;236;21-2205;23;22;;2;
237;5;237;21-2206;19;18;rocker box;4;
238;6;237;21-2206;23;22;rocker box;4;
239;20;238;21-2207;55;54;;4;
240;27;239;21-2225;73;72;;1;Tail lamp support to fender
241;18;241;21-2230;49;48;;2;
242;17;242;21-7001;47;46;left;1;
243;17;244;21-7002;47;46;right;1;
244;16;246;21-7004;45;44;torque stay to swinging arm;1;
245;22;248;21-7005;61;60;disc to sprocket;4;
246;23;250;21-7006;63;62;push rod;2;"5/16"" UNF shouldered"
247;23;252;21-7007;63;62;master cylinder fixing;2;
248;18;255;21-7009;49;48;;2;
249;32;255;21-7009;83;82;;2;Flasher unit attach.
250;32;256;21-7010;83;82;rear stop switch;2;
251;20;266;37-0653;55;54;right (metric 120);1;
252;20;268;37-1237;55;54;right;2;
253;22;271;37-2294;61;60;;40;
254;20;271;37-2294;55;54;;40;
255;33;272;37-2331;87;84;;6;Flasher lamp stanchion
256;5;274;37-2338;19;18;Torque stay;2;
257;6;274;37-2338;23;22;Torque stay;2;
258;22;275;37-3468;61;60;;2;
259;22;276;37-3742;61;60;chain;2;
260;2;278;37-3761;11;10;ignition timing hole plug;1;
261;22;279;37-3965;61;60;;1;
262;20;281;37-3969;55;54;;0;As reqd.
263;22;281;37-3969;61;60;short;0;As required
264;20;282;37-3970;55;54;;0;As reqd.
265;22;282;37-3970;61;60;long;0;As required
266;20;283;37-4126;55;54;left half;1;
267;20;285;37-4127;55;54;right half;1;
268;20;287;37-4129;55;54;;1;
269;20;288;37-4130;55;54;inner;20;
270;20;290;37-4131;55;54;outer;20;
271;20;292;37-4132;55;54;;1;
272;20;293;37-4133;55;54;wheel spindle;1;
273;20;295;37-4134;55;54;left;1;
274;22;295;37-4134;61;60;left bearing;1;
275;20;296;37-4135;55;54;left;1;
276;22;296;37-4135;61;60;;2;
277;20;297;37-4141;55;54;;1;
278;20;298;37-4143;55;54;SPOKES AND HUB ASSEMBLY (complete);1;
279;22;302;37-4275;61;60;;1;
280;20;302;37-4275;55;54;;1;
281;22;305;37-7001;61;60;Ieft half;1;
282;22;307;37-7002;61;60;right half;1;
283;22;309;37-7003;61;60;,right bearing;1;
284;22;311;37-7004;61;60;speedometer unit;1;
285;22;313;37-7005;61;60;bearings;1;
286;22;315;37-7006;61;60;left bearing;1;
287;22;317;37-7007;61;60;outer,right;10;
288;22;319;37-7008;61;60;outer,left;10;
289;22;321;37-7009;61;60;inner,right and left;20;
290;22;323;37-7010;61;60;;1;
291;22;324;37-7016;61;60;rear wheel 47T;1;
292;22;326;37-7017;61;60;SPOKES AND HUB ASSEMBLY (complete);1;
293;22;328;37-7018;61;60;19;1;
294;22;330;37-7019;61;60;;1;
295;23;331;37-7020;63;62;;1;Replaces 37-7014. Order kit 00-4409 when servicing earlier machines
296;22;333;37-7021;61;60;speedometer drive gearbox *;0;* Used only with latest caliper plate 37-7020
297;12;355;57-0023;37;36;;1;
298;14;355;57-0023;41;40;;1;
299;12;356;57-0031;37;36;;1;
300;12;358;57-0047;37;36;;1;
301;20;359;57-0280;55;54;right;1;
302;13;361;57-0394;39;38;;20;
303;12;362;57-0404;37;36;;2;
304;12;363;57-0405;37;36;;2;
305;12;364;57-0407;37;36;;1;
306;11;365;57-0730;35;34;;1;
307;11;366;57-0731;35;34;;1;
308;2;367;57-0912;11;10;L/S at thrust washer;1;
309;9;369;57-0989;31;30;;2;
310;2;369;57-0989;11;10;;2;
311;20;370;57-1070;55;54;left (metric 125);1;
312;22;370;57-1070;61;60;left and right;2;
313;12;371;57-1167;37;36;;1;
314;11;372;57-1250;35;34;;1;
315;2;373;57-1257;11;10;;1;
316;13;374;57-1363;39;38;;6;
317;2;375;57-1606;11;10;layshaft;1;
318;12;379;57-1646;37;36;;1;
319;12;380;57-1710;37;36;;1;
320;12;381;57-1712;37;36;;1;
321;13;382;57-1722;39;38;;3;
322;13;383;57-1723;39;38;;3;
323;11;384;57-1736;35;34;;1;
324;2;385;57-1920;11;10;;0;Reference only
325;13;387;57-1931;39;38;;3;
326;12;388;57-1955;37;36;;1;
327;12;389;57-1956;37;36;;1;
328;11;390;57-1962;35;34;;1;
329;11;391;57-1963;35;34;;1;
330;13;392;57-2159;39;38;;1;
331;2;393;57-2166;11;10;;2;
332;12;393;57-2166;37;36;;1;
333;2;394;57-2167;11;10;;1;
334;12;395;57-2173;37;36;;1;
335;11;396;57-2240;35;34;;1;
336;2;397;57-2259;11;10;;1;
337;12;398;57-2330;37;36;;1;
338;15;399;57-2331;43;42;centre stand;1;
339;14;401;57-2450;41;40;;1;
340;13;402;57-2526;39;38;;3;
341;12;403;57-3673;37;36;;1;
342;12;404;57-3762;37;36;;1;
343;13;407;57-3929;39;38;;1;
344;13;408;57-3931;39;38;;1;
345;11;410;57-3988;35;34;;1;
346;11;412;57-4113;35;34;;1;
347;12;413;57-4117;37;36;;1;
348;12;414;57-4356;37;36;;1;
349;11;417;57-4376;35;34;;1;
350;11;418;57-4377;35;34;;1;
351;11;419;57-4379;35;34;;0;Reference only
352;11;421;57-4396;35;34;;1;
353;12;423;57-4403;37;36;;2;
354;11;424;57-4432;35;34;;1;
355;13;425;57-4435;39;38;;1;Not illus.
356;13;426;57-4436;39;38;;1;
357;13;427;57-4437;39;38;;1;
358;13;428;57-4438;39;38;;1;
359;12;430;57-4587;37;36;;1;18-24 inclusive
360;12;432;57-4588;37;36;;1;
361;12;433;57-4589;37;36;;1;
362;13;434;57-4590;39;38;;1;
363;13;435;57-4636;39;38;;1;
364;13;436;57-4640;39;38;;1;
365;13;437;57-4644;39;38;;3;
366;11;438;57-4647;35;34;;1;
367;11;439;57-4653;35;34;;1;
368;11;440;57-4654;35;34;;1;
369;11;441;57-4656;35;34;;1;
370;11;442;57-4657;35;34;;1;
371;11;443;57-4659;35;34;;1;
372;11;445;57-4661;35;34;;1;
373;13;446;57-4754;39;38;;3;
374;12;447;57-4756;37;36;;1;
375;13;448;57-4763;39;38;;6;
376;11;449;57-4781;35;34;;1;
377;11;450;57-4782;35;34;20T;1;
378;11;452;57-4787;35;34;;0;Reference only
379;11;454;57-4791;35;34;;0;Reference only
380;13;456;57-4794;39;38;;1;
381;11;458;57-4900;35;34;;1;
382;13;459;57-4903;39;38;;1;Not illus.
383;11;460;57-4909;35;34;;1;
384;14;462;57-7003;41;40;;1;
385;12;463;57-7008;37;36;;1;
386;14;464;57-7009;41;40;;1;
387;14;465;57-7010;41;40;;1;
388;12;469;57-7014;37;36;;1;
389;12;472;57-7017;37;36;;1;
390;12;473;57-7018;37;36;;1;
391;12;476;57-7021;37;36;;1;
392;32;477;60-0262;83;82;;2;CHAMPION
393;30;478;60-0291;79;78;;1;
394;31;479;60-0494;81;80;;1;
395;33;480;60-0622;85;84;;1;state serial number
396;19;481;60-0623;51;50;;1;
397;29;482;60-0683;77;76;twist grip to junction block;1;T140V - LOW BAR
398;29;484;60-0685;77;76;;1;T140V - UNIVERSAL
399;29;486;60-0732;77;76;;1;T140V - LOW BAR
400;29;488;60-0733;77;76;junction block to carburetor;2;T140V - HIGH BAR
401;29;488;60-0733;77;76;junction block to carburetor;2;T140V - LOW BAR
402;29;489;60-0746;77;76;;1;TR7RV - LOW BAR
403;30;491;60-0767;79;78;;1;
404;29;492;60-0777;77;76;;1;
405;32;493;60-0911;83;82;;2;CHAMPION
406;30;494;60-0971;79;78;;1;
407;30;495;60-0974;79;78;;1;
408;29;496;60-0978;77;76;;1;
409;30;497;60-1050;79;78;;1;
410;29;498;60-1806;77;76;;1;TR7RV - HIGH BAR
411;16;500;60-1841;45;44;;2;
412;30;501;60-1907;79;78;;1;
413;30;502;60-2084;79;78;open ended;1;
414;24;504;60-2087;67;66;;1;
415;14;505;60-2118;41;40;5/8 in. x 3/8 in. x 107 links;1;
416;9;507;60-2138;31;30;;1;Not illus.
417;30;508;60-2184;79;78;;1;
418;15;509;60-2252;43;42;breather pipe, front and rear;2;
419;24;511;60-2320;67;66;;1;
420;24;512;60-2321;67;66;;2;
421;17;512;60-2321;47;46;;8;Motor to motor plates
422;25;512;60-2321;69;68;;2;
423;27;513;60-2329;73;72;;5;No. plate brackets and support plate to fender
424;26;513;60-2329;71;70;;2;Fender top fixing
425;26;513;60-2329;71;70;;2;Bridge to fender
426;26;513;60-2329;71;70;;2;Grab rail to fender
427;33;513;60-2329;85;84;;1;Battery carrier mounting
428;26;513;60-2329;71;70;;4;Number plate attachment
429;15;514;60-2330;43;42;;4;Sump plate to frame
430;26;514;60-2330;71;70;;2;Fender front fixing
431;17;514;60-2330;47;46;;9;Rear motor plates to frame
432;2;514;60-2330;11;10;;10;
433;23;514;60-2330;63;62;;2;
434;23;514;60-2330;63;62;rear;1;
435;19;515;60-2331;51;50;;1;
436;23;515;60-2331;63;62;for nut;2;
437;16;515;60-2331;45;44;damper,top;2;
438;16;515;60-2331;45;44;;2;
439;5;515;60-2331;19;18;Torque stay;2;
440;6;515;60-2331;23;22;Torque stay;2;
441;16;516;60-2332;45;44;torque stay to swinging arm;1;
442;17;516;60-2332;47;46;;1;Motor to frame centre bottom
443;17;516;60-2332;47;46;;1;Motor fixing front
444;33;516;60-2332;87;84;;6;Flasher lamp stanchion
445;17;517;60-2333;47;46;;2;
446;32;518;60-2347;83;82;;4;Horn attachment
447;16;518;60-2347;45;44;front chainguard fixing;1;
448;3;519;60-2363;15;14;;2;
449;12;520;60-2364;37;36;1/4 in. diam.;1;
450;12;522;60-2368;37;36;3/8 in. diam.;3;
451;24;524;60-2381;67;66;self tapping;1;
452;32;526;60-2391;83;82;;4;Condenser attachment
453;32;526;60-2391;83;82;;1;Flasher unit attach.
454;32;526;60-2391;83;82;;2;Bracket to frame
455;31;526;60-2391;81;80;;4;For speedo and Tacho mounting (not illustrated)
456;18;527;60-2416;49;48;;2;
457;32;527;60-2416;83;82;;2;
458;32;527;60-2416;83;82;;2;Reflector Mounting
459;24;528;60-2417;67;66;;4;Hinge Attachment
460;17;530;60-2419;47;46;;1;Bracket to frame
461;26;532;60-2427;71;70;;2;
462;21;532;60-2427;57;56;;2;Bracket to fork leg and bridge piece
463;23;532;60-2427;65;62;;1;
464;23;532;60-2427;65;62;for bolt;1;
465;26;533;60-2428;71;70;;2;
466;19;533;60-2428;51;50;;8;
467;24;533;60-2428;67;66;;2;
468;2;533;60-2428;11;10;;2;
469;25;534;60-2438;69;68;;2;All models - Cover to body
470;24;536;60-2569;67;66;;2;
471;30;537;60-2599;79;78;;0;Available- Not Illustrated
472;31;539;60-2600;81;80;;1;
473;14;540;60-2640;41;40;;1;
474;12;541;60-2701;37;36;;0;Reference only
475;24;543;60-2720;67;66;;0;Reference only
476;32;545;60-3161;83;82;;2;Horn attachment
477;22;547;60-3213;61;60;;1;
478;31;548;60-3355;81;80;;1;
479;3;548;60-3355;15;14;release valve to crankcase;1;
480;15;549;60-3361;43;42;;1;Not illustrated
481;11;550;60-3494;35;34;;1;
482;11;551;60-3500;35;34;cover plate;1;
483;11;551;60-3500;35;34;high gear;1;
484;11;552;60-3511;35;34;;2;
485;11;553;60-3512;35;34;gearbox sprocket;1;
486;25;555;60-3539;69;68;;2;All models - left assy to right assy
487;5;557;60-3548;19;18;;2;
488;6;557;60-3548;23;22;;2;
489;11;558;60-3552;35;34;;1;Hoffman LS8 2 SPOT
490;28;560;60-3567;75;74;;1;
491;28;561;60-3585;75;74;;1;
492;28;562;60-3586;75;74;;1;
493;32;563;60-3614;83;82;;1;Flasher unit attach.
494;15;565;60-3616;43;42;;1;
495;9;566;60-3719;31;30;;1;
496;27;567;60-3748;73;72;;1;Not illus.
497;1;569;60-3761;9;8;;4;
498;32;570;60-3891;83;82;suppressed (FRANCE);2;MERIT-WORKE
499;28;572;60-3896;75;74;;2;
500;29;573;60-3925;77;76;;1;HIGH BAR
501;16;575;60-3957;45;44;;2;Girling 64052564
502;5;577;60-3963;21;18;;12;
503;6;577;60-3963;25;22;;12;
504;25;578;60-3975;69;68;;1;TR7RV
505;23;580;60-4101;63;62;;1;
506;21;580;60-4101;57;56;;1;
507;21;581;60-4102;57;56;;1;
508;27;583;60-4103;73;72;flasher wire;1;Not illus.
509;14;585;60-4125;41;40;3/8 in. Triplex x 84 links;1;
510;29;587;60-4126;77;76;;1;T140V - UNIVERSAL
511;29;589;60-4127;77;76;lever to junction box;1;T140V - UNIVERSAL
512;29;591;60-4128;77;76;junction box to carburetor;2;T140V - UNIVERSAL
513;25;593;60-4150;69;68;;2;
514;25;594;60-4152;69;68;;2;
515;25;595;60-4153;69;68;;2;
516;25;596;60-4154;69;68;;2;Name plate attachment
517;1;600;60-4167;9;8;right (RHP5/6306);1;
518;29;602;60-4168;77;76;;1;LOW BAR
519;21;604;60-4175;57;56;bottom yoke/fork leg;1;
520;21;606;60-4176;57;56;master cylinder/top yoke;1;For high handlebar
521;21;607;60-4178;57;56;fork leg/caliper;1;
522;21;608;60-4179;57;56;top yoke/bottom yoke;1;
523;23;609;60-4180;63;62;hose to bracket;1;
524;21;609;60-4180;57;56;;3;
525;21;610;60-4182;57;56;;1;
526;23;610;60-4182;65;62;;1;
527;21;611;60-4183;57;56;;1;
528;21;612;60-4184;57;56;;1;
529;21;613;60-4186;57;56;;1;
530;29;614;60-4194;77;76;;1;TR7RV - UNIVERSAL
531;21;616;60-4206;57;56;;1;
532;28;616;60-4206;75;74;;1;
533;26;617;60-4245;71;70;;5;
534;16;618;60-4246;45;44;;1;
535;2;618;60-4246;11;10;;2;
536;14;619;60-4247;41;40;;3;
537;18;619;60-4247;49;48;;2;Exhaust pipes to mufflers
538;12;619;60-4247;37;36;;2;
539;4;620;60-4248;17;16;Manifold to head;4;TR7RV
540;18;620;60-4248;49;48;;4;Muffler to hanger
541;5;620;60-4248;19;18;;4;
542;6;620;60-4248;23;22;;4;
543;27;621;60-4250;73;72;;1;Tail lamp support to fender
544;2;621;60-4250;13;10;;1;
545;17;622;60-4251;47;46;;1;Motor to frame centre bottom
546;13;624;60-4253;39;38;;1;
547;29;625;60-4254;77;76;;13;
548;9;626;60-4255;31;30;;3;
549;29;627;60-4258;77;76;;2;
550;4;628;60-4260;17;16;;1;
551;25;630;60-4265;69;68;;2;All models
552;23;632;60-4266;63;62;bleed nipple;1;GIRLING PART
553;21;633;60-4328;57;56;;1;
554;23;633;60-4328;65;62;paper;1;
555;21;634;60-4365;57;56;;1;
556;23;634;60-4365;65;62;;1;
557;21;635;60-4366;57;56;;1;
558;23;635;60-4366;65;62;;1;
559;23;636;60-4374;65;62;;1;
560;25;637;60-4384;69;68;;2;TR7RV
561;25;639;60-4385;69;68;;2;T140V
562;23;641;60-4397;63;62;reservoir;1;
563;23;643;60-4398;65;62;;1;
564;23;644;60-4399;65;62;;1;
565;23;645;60-4401;63;62;;1;
566;23;646;60-4409;63;62;reservoir to master cylinder;1;
567;15;647;60-4428;43;42;oil return pipe;1;
568;15;649;60-4429;43;42;oil feed pipe;1;
569;27;651;60-4440;73;72;flasher wires;2;Not illus.
570;24;653;60-4511;67;66;;1;
571;24;654;60-4512;67;66;;1;
572;21;655;60-4619;57;56;master cylinder/top yoke;1;For low handlebar
573;29;657;60-7001;77;76;twist grip to junction block;1;T140V - HIGH BAR
574;29;659;60-7002;77;76;;1;T140V - HIGH BAR
575;33;661;60-7003;87;84;ignition switch;1;Not illustrated
576;33;663;60-7004;87;84;warning lights;1;Not illustrated
577;33;665;60-7005;87;84;light switch;1;Not illustrated
578;23;667;60-7007;63;62;hose to caliper;1;
579;31;669;60-7010;81;80;;1;
580;31;670;60-7011;81;80;;1;
581;31;671;60-7012;81;80;;1;
582;31;672;60-7013;81;80;;1;
583;28;673;60-7014;75;74;;1;T140V
584;23;675;60-7016;65;62;;1;
585;32;676;60-7018;83;82;;2;
586;30;677;60-7019;79;78;;1;
587;30;678;60-7020;79;78;for rear wheel and box spanner;1;
588;28;680;60-7021;75;74;;1;
589;28;681;60-7022;75;74;;1;
590;28;683;60-7023;75;74;;1;
591;28;684;60-7024;75;74;;1;
592;28;685;60-7025;75;74;"handlebar clamp 5/8"" x 1BA";2;
593;28;687;60-7026;75;74;;1;
594;31;688;60-7027;81;80;KPH;1;
595;23;689;60-7028;63;62;master cylinder to pipe;1;
596;23;691;60-7030;63;62;hose;2;
597;2;699;70-0375;11;10;;1;
598;1;700;70-0400;9;8;;1;
599;3;701;70-0403;15;14;;2;
600;5;702;70-0470;21;18;;4;
601;6;702;70-0470;25;22;;4;
602;11;703;70-0489;35;34;;1;
603;3;704;70-0495;15;14;;1;
604;5;705;70-1330;21;18;;2;
605;6;705;70-1330;25;22;;2;
606;15;706;70-1335;43;42;;1;
607;15;706;70-1335;43;42;;4;
608;5;707;70-1457;21;18;;2;
609;6;707;70-1457;25;22;;2;
610;5;708;70-1458;21;18;;2;
611;6;708;70-1458;25;22;;2;
612;5;709;70-1513;21;18;;4;
613;6;709;70-1513;25;22;;4;
614;2;710;70-1532;11;10;tappet oil feed;2;
615;5;712;70-1543;19;18;;4;
616;6;712;70-1543;23;22;;4;
617;1;713;70-1558;9;8;;2;
618;5;714;70-1574;21;18;;4;
619;6;714;70-1574;25;22;;4;
620;5;715;70-1575;21;18;;6;
621;6;715;70-1575;25;22;;6;
622;1;716;70-1580;9;8;;1;
623;12;717;70-1612;37;36;;4;
624;27;717;70-1612;73;72;;1;
625;28;717;70-1612;75;74;;2;
626;23;718;70-2288;63;62;hose to bracket;1;
627;21;718;70-2288;57;56;;3;
628;3;719;70-2360;15;14;;2;
629;4;720;70-2441;17;16;;2;
630;2;720;70-2441;11;10;;1;
631;1;721;70-2879;9;8;left (RM11L. );1;
632;5;723;70-2904;19;18;;2;
633;6;723;70-2904;23;22;;2;
634;5;724;70-3135;21;18;;2;
635;6;724;70-3135;25;22;;2;
636;1;725;70-3300;9;8;;1;
637;5;726;70-3302;19;18;;6;
638;6;726;70-3302;23;22;;6;
639;5;727;70-3446;19;18;;4;
640;6;727;70-3446;23;22;;4;
641;15;727;70-3446;43;42;;1;Junction block to crankcase
642;1;728;70-3586;9;8;.020 in. undersizes);4;
643;18;729;70-3768;49;48;;4;Exhaust pipes to mufflers
645;11;732;70-3789;35;34;;1;
646;14;733;70-3821;41;40;;6;
647;3;734;70-3887;15;14;;2;
648;1;735;70-3902;9;8;crankshaft oilway;1;
649;1;737;70-3903;9;8;;1;
650;1;738;70-3975;9;8;;1;
651;9;739;70-4016;31;30;;1;
652;14;740;70-4144;41;40;;1;
653;32;740;70-4144;83;82;;2;Not illustrated
654;14;741;70-4152;41;40;;1;
655;5;742;70-4221;19;18;;4;
656;6;742;70-4221;23;22;;4;
657;2;743;70-4538;11;10;;0;Reference only
658;1;745;70-4564;9;8;;1;
659;9;746;70-4568;31;30;;2;
660;9;747;70-4569;31;30;;1;
661;5;748;70-4603;19;18;;2;
662;6;748;70-4603;23;22;;2;
663;2;749;70-4705;13;10;;1;
664;9;750;70-4707;31;30;;1;
665;5;751;70-4752;19;18;;2;
666;6;751;70-4752;23;22;;2;
667;14;752;70-5085;41;40;;1;
668;14;753;70-5087;41;40;;1;
669;2;754;70-5088;11;10;;1;
670;14;754;70-5088;41;40;;1;(also listed with crankcase group)
671;31;755;70-5155;81;80;;1;Reference only, not supplied separately. (Part of 70-9332)
672;31;757;70-5156;81;80;;1;Reference only, not supplied separately. (Part of 70-9332)
673;31;759;70-5157;81;80;;1;
674;4;760;70-5660;17;16;;2;TR7RV
675;18;762;70-5874;49;48;;2;Exhaust pipes to mufflers
676;1;764;70-6159;9;8;;1;
677;5;765;70-6309;19;18;;1;
678;6;765;70-6309;23;22;;1;
679;2;766;70-6386;11;10;;0;Reference only
680;9;768;70-6387;31;30;;0;For reground crankshaft
681;1;770;70-6523;9;8;;1;
682;9;771;70-6559;31;30;;2;
683;2;771;70-6559;13;10;outlet stub screw;2;
684;3;772;70-6596;15;14;;0;Reference only
685;3;774;70-6681;15;14;;1;
686;15;775;70-6848;43;42;rocker feed pipe;2;
687;15;775;70-6848;43;42;return pipe;1;
688;18;776;70-6857;49;48;;2;
689;5;777;70-7310;19;18;bottom (Cover tubes);2;
690;6;777;70-7310;23;22;bottom  (Cover tubes);2;
691;31;778;70-7351;81;80;;1;
692;24;778;70-7351;67;66;;2;
693;9;779;70-7354;31;30;;2;
694;2;779;70-7354;13;10;;2;
695;5;780;70-7400;19;18;;4;
696;6;780;70-7400;23;22;;4;
697;14;781;70-7431;41;40;drain plug;1;
698;2;781;70-7431;11;10;;1;
699;18;782;70-7512;49;48;;2;Exhaust pipes to coupling pipe
700;32;784;70-7554;83;82;;1;Coil and tool tray attachment, rear.
701;4;786;70-7563;17;16;;2;
702;21;787;70-7573;57;56;;1;
703;2;787;70-7573;11;10;;1;
704;3;788;70-7590;15;14;;0;Reference only
705;3;790;70-7591;15;14;;0;Reference only
706;9;792;70-7680;31;30;;2;
707;1;793;70-8038;9;8;Engine sprocket;0;Not illustrated
708;9;795;70-8163;31;30;;1;
709;9;796;70-8737;31;30;;1;
710;2;797;70-8751;11;10;cylinder base;2;
711;3;799;70-8752;15;14;;0;Reference only
712;3;801;70-8754;15;14;cap to body;1;
713;20;803;70-8770;55;54;V Disc to hub;4;
714;22;803;70-8770;61;60;"disc/sprocket nut (.390""-.625""-.064"")";8;
715;2;804;70-8782;11;10;;1;
716;2;804;70-8782;11;10;;2;
717;12;804;70-8782;37;36;;1;
718;4;806;70-8801;17;16;;2;
719;9;807;70-9246;31;30;;1;
720;3;808;70-9269;15;14;;1;
721;2;809;70-9330;11;10;;1;
722;31;810;70-9332;81;80;;1;
723;2;811;70-9336;11;10;;1;
724;4;812;70-9352;17;16;;1;
725;4;813;70-9353;17;16;;1;
726;14;814;70-9360;41;40;;1;
728;4;816;70-9554;17;16;Carb. to manifold;2;TR7RV
729;4;816;70-9554;17;16;Carb. to manifold & head;4;T140V
730;4;817;70-9555;17;16;Carb. to manifold);2;TR7RV
731;4;817;70-9555;17;16;Carb. to manifold & head);4;T140V
732;14;818;70-9703;41;40;;1;
733;7;819;70-9711;27;26;;1;
734;8;819;70-9711;29;28;;1;Each carburettor
735;18;820;70-9888;49;48;;1;
736;1;821;70-9914;9;8;;4;
737;1;822;70-9988;9;8;;1;
738;6;823;71 -1707;23;22;Cover tubes);2;
739;16;825;71 -2501;45;44;grease nipple;2;
740;6;827;71 -2599;23;22;;2;
741;4;828;71 -2813;17;16;Carburetor to manifold and head);4;T140V
742;9;830;71 -2930;31;30;;1;
743;6;831;71 -3294;23;22;;2;
744;5;832;71 -3295;19;18;;2;
745;6;833;71 -3668;23;22;;1;
746;5;834;71 -3669;19;18;;1;
747;6;834;71 -3669;23;22;;1;
748;14;835;71 -3896;41;40;;2;
749;5;837;71-0070;21;18;;4;
750;6;837;71-0070;25;22;;4;
751;1;838;71-0082;9;8;;1;
752;2;839;71-0286;11;10;right hand;2;
753;2;841;71-0287;11;10;left hand;2;
754;1;843;71-1003;9;8;;3;
755;1;844;71-1007;9;8;;1;
756;11;845;71-1070;35;34;gearbox sprocket;1;
757;2;847;71-1072;11;10;;1;
758;2;848;71-1075;11;10;;1;
759;2;849;71-1078;13;10;primary chain oiler;1;
760;5;851;71-1283;19;18;top (Cover tubes);2;
761;6;851;71-1283;23;22;top (Cover tubes);2;
762;2;852;71-1345;13;10;alternator leads external;1;
763;14;854;71-1419;41;40;;1;
764;2;855;71-1460;13;10;;1;
765;9;856;71-1462;31;30;;1;
766;5;857;71-1707;19;18;Cover tubes;2;
767;25;859;71-1860;69;68;;1;TR7RV
768;15;861;71-2349;43;42;;1;
769;5;862;71-2361;21;18;rocker box to head;4;
770;6;862;71-2361;25;22;rocker box to head;4;
771;1;863;71-2425;9;8;;1;
772;18;864;71-2465;49;48;;2;
773;31;865;71-2480;81;80;;1;
774;31;866;71-2481;81;80;;1;
775;31;867;71-2482;81;80;;1;Before Engine No.XN65837
776;26;869;71-2501;71;70;;3;
777;5;870;71-2598;21;18;;4;TR7
778;6;870;71-2598;25;22;;4;T140V
779;5;871;71-2599;19;18;;2;
780;31;872;71-2653;81;80;;1;
781;1;873;71-2660;9;8;Engine sprocket;0;Not illustrated
782;1;875;71-2663;9;8;Engine sprocket;1;Not illustrated
783;1;877;71-2800;9;8;;1;
784;1;878;71-2877;9;8;;1;
785;1;879;71-3006;9;8;;2;
786;2;880;71-3013;11;10;;4;
787;1;881;71-3030;9;8;;1;
788;5;882;71-3294;19;18;;2;
789;6;883;71-3295;23;22;;2;
790;5;884;71-3296;19;18;;4;
791;6;884;71-3296;23;22;;4;
792;1;885;71-3298;9;8;;1;
793;4;886;71-3313;17;16;;2;T140V
794;15;888;71-3316;43;42;;1;
795;5;889;71-3329;19;18;;2;
796;6;889;71-3329;23;22;;2;
797;5;890;71-3330;19;18;;4;
798;6;890;71-3330;23;22;;4;
799;4;891;71-3338;17;16;right hand;0;T140V
800;4;893;71-3339;17;16;left hand;1;T140V
801;1;895;71-3354;9;8;;2;
802;3;896;71-3447;15;14;;1;
803;15;898;71-3463;43;42;;1;
804;1;899;71-3542;9;8;29 teeth Triplex;1;
805;1;901;71-3544;9;8;;1;
806;5;902;71-3549;19;18;;2;
807;6;902;71-3549;23;22;;2;
808;15;903;71-3550;43;42;;1;
809;15;904;71-3551;43;42;;1;
810;1;905;71-3552;9;8;;3;* Use 60-0524 Loctite Sealant
811;5;907;71-3553;19;18;;1;
812;6;907;71-3553;23;22;;1;
813;4;908;71-3556;17;16;;1;TR7RV
814;4;910;71-3573;17;16;carburetor to manifold and head);2;T140V
815;4;912;71-3577;17;16;;1;T140V
816;1;914;71-3666;9;8;;2;
817;5;915;71-3668;19;18;;1;
818;5;916;71-3671;19;18;;2;
819;6;916;71-3671;23;22;;2;
820;5;917;71-3673;19;18;;2;
821;6;917;71-3673;23;22;;2;
822;1;918;71-3676;9;8;;2;
823;5;919;71-3681;19;18;;1;
824;6;919;71-3681;23;22;;1;
825;1;920;71-3690;9;8;;4;
826;1;921;71-3695;9;8;;2;
827;1;922;71-3700;9;8;;4;
828;5;923;71-3748;19;18;;8;
829;6;923;71-3748;23;22;;8;
830;24;924;71-3749;67;66;;1;
831;15;925;71-3754;43;42;;1;
832;18;926;71-3755;49;48;left;1;
833;18;928;71-3758;49;48;right;1;
834;1;930;71-3778;9;8;;2;
835;14;932;71-3892;41;40;;1;
836;14;933;71-3895;41;40;;2;
837;3;934;71-3910;15;14;;1;
838;2;935;71-3989;11;10;crankcase joint;1;
839;5;936;71-4005;19;18;;1;
840;6;936;71-4005;23;22;;1;
841;5;937;71-4020;19;18;;1;
842;2;938;71-4044;13;10;;1;
843;18;939;71-4159;49;48;;2;
844;2;940;71-7001;11;10;;1;Note:  Crankcases are supplied only as matched pairs Part No. 71-7004
845;2;942;71-7002;11;10;;1;Note:  Crankcases are supplied only as matched pairs Part No. 71-7004
846;14;944;71-7003;41;40;;1;
847;2;945;71-7004;11;10;;1;
848;6;946;71-7007;23;22;;1;
849;4;947;71-7008;17;16;;2;
850;14;948;71-7009;41;40;;1;
851;31;949;71-7011;81;80;;1;
852;31;950;71-7012;81;80;;1;After Engine No.XN65837
853;15;952;71-7013;43;42;;1;
854;15;953;71-7014;43;42;;1;
855;15;954;71-7015;43;42;;1;
856;1;955;71-7016;9;8;;1;
857;1;956;71-7017;9;8;;1;
858;25;957;71-7018;69;68;;2;T140V
859;25;959;71-7019;69;68;;2;T140V - Air cleaner to frame
860;28;961;82-1335;75;74;;2;
861;2;962;82-1880;11;10;;1;
862;14;962;82-1880;41;40;;2;
863;17;963;82-2184;47;46;;2;Footrest to frame
864;23;963;82-2184;63;62;for nut;2;
865;19;963;82-2184;51;50;;3;
866;5;963;82-2184;19;18;;4;
867;6;963;82-2184;23;22;;4;
868;32;964;82-3799;83;82;;2;Reflector Mounting
869;24;966;82-4048;67;66;;1;
870;25;967;82-4129;69;68;;2;Name plate attachment
871;24;969;82-4228;67;66;;1;
872;25;970;82-4717;69;68;;2;Name plate attachment
873;15;970;82-4717;43;42;;4;
874;32;971;82-5338;83;82;;1;
875;15;972;82-5343;43;42;;1;
876;33;973;82-6039;85;84;;3;Battery carrier mounting
877;25;975;82-6673;69;68;;2;
878;19;976;82-6738;51;50;;1;
879;32;977;82-6784;83;82;wiring harness;2;
881;27;978;82-6850;73;72;bottom;1;
882;33;980;82-6981;85;84;;1;
883;15;981;82-7021;43;42;;1;
884;33;982;82-7380;85;84;;4;
885;24;983;82-7560;67;66;;1;
886;24;984;82-7888;67;66;rear - tank motif;2;
887;33;986;82-8091;85;84;;1;
888;15;987;82-8382;43;42;;1;
889;17;988;82-9054;47;46;;2;
890;24;989;82-9063;67;66;;1;
891;15;990;82-9073;43;42;feed pipe;1;
892;17;992;82-9089;47;46;;2;Footrest swivel
893;24;994;82-9093;67;66;;4;
894;17;995;82-9279;47;46;;2;
895;33;996;82-9353;85;84;;1;
896;33;997;82-9355;85;84;;1;
897;32;998;82-9561;83;82;;2;
898;24;999;82-9700;67;66;right;1;
899;24;1001;82-9701;67;66;left;1;
900;24;1003;83-0002;67;66;;2;
901;24;1004;83-1339;67;66;front - tank motif;2;
902;15;1006;83-1560;43;42;;1;
903;15;1007;83-1615;43;42;breather pipe to fender;4;
904;19;1009;83-2007;51;50;;2;
905;16;1012;83-2266;45;44;swinging arm pivot;2;
906;22;1012;83-2266;61;60;"wheel spindle nut(.656""-l .000""-.092"")";1;
907;33;1013;83-2508;85;84;;3;Battery carrier mounting
908;16;1015;83-2521;45;44;pivot arm;4;
909;16;1017;83-2641;45;44;;1;
910;16;1018;83-2689;45;44;;1;
911;16;1020;83-2690;45;44;;1;
912;16;1022;83-2691;45;44;swinging arm pivot;2;
913;16;1024;83-2692;45;44;;4;
914;26;1025;83-2726;71;70;;1;
915;26;1026;83-2796;71;70;;1;
916;15;1027;83-2829;43;42;;2;
917;17;1028;83-2846;47;46;left;1;Motor to frame centre bottom
918;17;1030;83-2847;47;46;right;1;Motor to frame centre bottom
919;17;1032;83-2848;47;46;left;1;Motor fixing front
920;17;1034;83-2849;47;46;right;1;Motor fixing front
921;22;1036;83-3082;61;60;fork end;2;
922;17;1038;83-3329;47;46;;1;Bracket to frame
923;32;1040;83-3522;83;82;;2;Reflector Mounting
924;17;1042;83-3537;47;46;;1;
925;17;1043;83-3602;47;46;;1;
926;32;1044;83-3764;83;82;;2;
927;15;1045;83-3793;43;42;;1;
928;24;1046;83-3814;67;66;;1;
929;24;1047;83-3875;67;66;;1;
930;8;1048;83-3927;29;28;;1;
931;17;1049;83-4086;47;46;;1;
932;24;1050;83-4118;67;66;;1;
934;24;1053;83-4355;67;66;left;1;
935;24;1055;83-4356;67;66;right;1;
936;24;1057;83-4395;67;66;;1;
937;26;1059;83-4600;71;70;rear fender;1;
938;25;1061;83-4606;69;68;left;1;Twin Carb T140V
939;25;1063;83-4607;69;68;right;1;Twin Carb T140V
940;25;1065;83-4609;69;68;right;1;Single Carb TR7RV
941;33;1067;83-4610;85;84;;1;
942;24;1069;83-4763;67;66;;1;
943;27;1070;83-4774;73;72;;1;
944;24;1071;83-4776;67;66;tank grommet;1;
945;24;1073;83-4782;67;66;front and rear;2;
946;15;1075;83-4783;43;42;;1;
947;27;1076;83-4784;73;72;top;1;
948;27;1078;83-4800;73;72;lamp to back plate;2;
949;25;1080;83-4803;69;68;right;1;
950;27;1082;83-4806;73;72;;1;Not illus.
951;25;1084;83-4807;69;68;left;1;Single Carb TR7RV
952;25;1086;83-4808;69;68;right;1;Single Carb TR7RV
953;15;1088;83-4813;43;42;rear;1;
954;25;1090;83-4845;69;68;left;1;Single Carb TR7RV
955;25;1092;83-4854;69;68;left;1;
956;7;1094;83-4887;27;26;;1;
957;4;1095;83-4898;17;16;Air control lever;1;T140V
958;24;1097;83-4930;67;66;;1;
959;24;1098;83-4931;67;66;;2;
960;24;1099;83-4932;67;66;;2;
961;24;1100;83-4933;67;66;;1;
962;24;1101;83-4934;67;66;;1;
963;15;1102;83-4941;43;42;;1;
964;27;1103;83-5001;73;72;;1;
965;27;1104;83-5105;73;72;lamp carrier;2;Not illus.
966;26;1106;83-5145;71;70;;1;
967;25;1107;83-5161;69;68;;1;TR7RV - Air cleaner to frame
968;15;1109;83-5285;43;42;front;1;
969;15;1111;83-5290;43;42;;1;
970;24;1112;83-5413;67;66;;1;T140V
971;24;1114;83-5414;67;66;;1;TR7RV
972;25;1116;83-5448;69;68;left;1;All models
973;25;1118;83-5449;69;68;right;1;All models
974;23;1120;83-5465;63;62;;1;
975;8;1121;83-6209;29;28;;1;1977 T140 4 gallon tanks only
976;23;1123;83-7003;63;62;;1;
977;17;1124;83-7009;47;46;;1;
978;17;1125;83-7011;47;46;;1;
979;23;1126;83-7016;63;62;brake pedal;1;
980;23;1128;83-7018;63;62;master cylinder;1;
981;18;1130;83-7021;49;48;muffler right;1;
982;18;1132;83-7022;49;48;;1;
983;23;1133;83-7024;63;62;;1;
984;17;1134;83-7025;47;46;;1;
985;17;1136;83-7026;47;46;;1;
986;16;1138;83-7028;45;44;;1;
987;26;1139;83-7031;71;70;;1;
988;15;1140;83-7032;43;42;;1;
989;16;1141;83-7035;45;44;;1;
990;17;1143;83-7040;47;46;left and right;2;
991;32;1145;83-7041;83;82;;1;Coil and tool tray attachment, rear.
992;23;1147;83-7044;63;62;;1;
993;23;1148;83-7046;65;62;rear brake pedal;1;
994;23;1150;83-7049;63;62;hose;1;
995;23;1152;83-7053;63;62;;1;
996;23;1153;83-7054;65;62;;2;
997;23;1154;83-7055;65;62;feed hose;1;
998;23;1156;83-7056;65;62;reservoir;1;
999;25;1158;83-7057;69;68;;2;All models - Cover to body
1000;25;1160;83-7058;69;68;front;2;Name plate attachment
1001;17;1162;83-7059;47;46;;1;
1002;32;1163;83-7060;83;82;;2;
1003;24;1164;83-7061;67;66;;1;TR7RV
1004;24;1166;83-7062;67;66;;1;T140V
1005;24;1168;83-7063;67;66;;1;T140V
1006;21;1170;83-7064;57;56;pipe support;1;
1007;24;1172;83-7065;67;66;;1;
1008;24;1173;83-7066;67;66;;1;
1011;15;1178;83-7069;43;42;vent pipe to T-piece;1;
1012;4;1184;97-0200;17;16;;2;
1013;9;1185;97-0430;31;30;;2;
1014;27;1186;97-0961;73;72;mudguard for wiring;2;Not illus.
1015;32;1188;97-1388;83;82;;1;
1017;32;1188;97-1388;83;82;;2;
1018;28;1189;97-1425;75;74;handlebar mounting;4;
1020;28;1193;97-1527;75;74;;2;
1021;28;1194;97-1529;75;74;;4;
1022;28;1195;97-1580;75;74;;2;
1023;28;1196;97-1581;75;74;;2;
1024;28;1197;97-2125;75;74;right hand;1;
1025;28;1199;97-2142;75;74;left hand;1;
1029;28;1204;97-2221;75;74;;2;
1030;33;1205;97-2262;85;84;ignition switch;1;
1031;19;1207;97-2266;51;50;;1;
1032;28;1208;97-2291;75;74;;2;
1033;19;1209;97-3893;51;50;;2;
1034;19;1210;97-3894;51;50;;2;
1035;15;1210;97-3894;43;42;;4;
1036;19;1211;97-4001;51;50;;2;
1037;19;1212;97-4002;51;50;;2;
1038;19;1213;97-4003;51;50;;2;
1039;19;1214;97-4004;51;50;;2;
1040;19;1215;97-4009;51;50;;2;
1041;19;1216;97-4011;51;50;;2;
1043;31;1219;97-4026;81;80;;1;
1044;19;1220;97-4028;51;50;;2;
1045;19;1221;97-4031;51;50;;2;
1046;19;1222;97-4076;51;50;;2;
1047;29;1223;97-4112;77;76;;0;As required
1049;33;1227;97-4125;85;84;headlamp bolt;2;
1050;19;1229;97-4166;51;50;;2;
1052;19;1232;97-4317;51;50;;1;
1053;19;1233;97-4325;51;50;;2;
1054;19;1234;97-4380;51;50;;2;
1055;19;1235;97-4381;51;50;;1;
1056;19;1236;97-4385;51;50;;1;
1057;19;1237;97-4387;51;50;;2;
1058;19;1238;97-4395;51;50;;2;
1059;19;1239;97-4396;51;50;;1;U.S.A.
1060;19;1241;97-4399;51;50;LEFT (complete);1;
1063;19;1247;97-4456;51;50;wheel spindle - left;1;
1064;19;1249;97-4457;51;50;wheel spindle - right;1;
1065;19;1251;97-4461;51;50;outer cover;2;
1066;19;1253;97-4476;51;50;left;1;
1069;26;1259;97-4552;71;70;;1;
1070;19;1260;97-4579;51;50;RIGHT (complete);1;
1071;19;1262;97-4616;51;50;;1;General
1072;28;1264;97-7001;75;74;;1;USA specificatic
1073;28;1266;97-7002;75;74;;1;UK and General
1074;26;1268;97-7003;71;70;;1;
1075;26;1269;97-7004;71;70;;1;
1076;16;1270;99-0107;45;44;;4;Girling 9054/1 71
1077;16;1272;99-0122;45;44;;4;Girling 64533645
1078;31;1274;99-0173;81;80;;1;
1079;28;1275;99-0225;75;74;;2;
1080;28;1276;99-0241;75;74;;1;
1081;28;1277;99-0248;75;74;;1;TR7RV
1082;7;1279;99-0438;27;26;;1;
1083;8;1279;99-0438;29;28;;1;Each carburettor
1084;8;1280;99-0446;29;28;;1;Each carburettor
1085;7;1282;99-0454;27;26;;1;
1086;7;1283;99-0506;27;26;;1;
1087;8;1283;99-0506;29;28;;1;Each carburettor
1088;7;1284;99-0510;27;26;;1;
1089;8;1284;99-0510;29;28;;1;Each carburettor
1090;7;1285;99-0511;27;26;;1;
1091;8;1285;99-0511;29;28;;1;Each carburettor
1092;7;1286;99-0512;27;26;;1;
1093;8;1286;99-0512;29;28;;1;Each carburettor
1094;7;1287;99-0513;27;26;;1;
1095;8;1287;99-0513;29;28;;1;Each carburettor
1096;7;1288;99-0514;27;26;;1;
1097;8;1288;99-0514;29;28;;1;Each carburettor
1098;7;1289;99-0515;27;26;;1;
1099;8;1289;99-0515;29;28;;1;Each carburettor
1100;7;1290;99-0516;27;26;;1;
1101;8;1290;99-0516;29;28;;1;Each carburettor
1102;7;1291;99-0517;27;26;;1;
1103;8;1291;99-0517;29;28;;1;Each carburettor
1104;7;1292;99-0520;27;26;;2;
1105;8;1292;99-0520;29;28;;2;Each carburettor
1106;7;1293;99-0521;27;26;float and mixing chamber tops;4;
1107;8;1293;99-0521;29;28;float and mixing chamber tops;4;Each carburettor
1108;7;1294;99-0527;27;26;;1;
1109;8;1294;99-0527;29;28;;1;Each carburettor
1110;7;1295;99-0528;27;26;;1;
1111;8;1295;99-0528;29;28;;1;Each carburettor
1112;33;1296;99-0537;85;84;warning light;3;
1113;27;1298;99-0542;73;72;;1;
1114;33;1299;99-0548;85;84;;1;
1115;33;1300;99-0558;85;84;;1;
1116;32;1301;99-0589;83;82;;1;
1117;32;1302;99-0590;83;82;;1;
1118;33;1303;99-0683;85;84;;6;
1119;33;1304;99-0692;85;84;;1;
1120;33;1305;99-0719;87;84;;1;
1121;1;1307;99-0739;9;8;;1;Lucas 54213901
1122;9;1309;99-0769;31;30;adjustment;2;Lucas 54419220
1123;14;1311;99-1006;41;40;;1;Lucas 47205
1124;32;1313;99-1028;83;82;;1;
1125;7;1315;99-1033;27;26;;1;
1126;8;1315;99-1033;29;28;;1;Each carburettor
1127;7;1316;99-1034;27;26;;1;
1128;8;1316;99-1034;29;28;;1;Each carburettor
1129;7;1317;99-1035;27;26;;1;
1130;8;1317;99-1035;29;28;;1;Each carburettor
1131;7;1318;99-1036;27;26;;1;
1132;8;1318;99-1036;29;28;;1;Each carburettor
1133;7;1319;99-1037;27;26;;1;
1134;8;1319;99-1037;29;28;;1;Each carburettor
1135;7;1320;99-1038;27;26;;1;
1136;8;1320;99-1038;29;28;;1;Each carburettor
1137;16;1321;99-1048;45;44;110 lbs. chrome;2;Girling 64543708
1138;7;1322;99-1124;27;26;;1;
1139;8;1322;99-1124;29;28;;1;Each carburettor
1140;7;1323;99-1152;27;26;;1;
1141;8;1323;99-1152;29;28;;1;Each carburettor
1142;7;1324;99-1153;27;26;;1;
1143;8;1324;99-1153;29;28;;1;Each carburettor
1144;32;1325;99-1161;83;82;amber;2;
1145;33;1327;99-1192;85;84;;1;
1146;33;1328;99-1193;85;84;;2;
1147;32;1329;99-1201;83;82;;1;
1148;32;1330;99-1204;83;82;flasher unit;1;
1149;33;1331;99-1207;85;84;amber;1;
1150;33;1332;99-1208;85;84;red;1;
1151;33;1333;99-1209;85;84;green;1;
1152;33;1334;99-1210;85;84;;3;
1153;33;1335;99-1213;85;84;;1;
1154;33;1336;99-1214;85;84;45/35W;1;UK-USA-Canada
1155;33;1337;99-1223;85;84;headlamp fixing;2;
1156;33;1338;99-1224;85;84;headlamp fixing;2;
1157;32;1339;99-1245;83;82;;1;
1158;33;1340;99-1246;85;84;flasher lamp front;2;
1159;33;1341;99-1249;85;84;;1;UK-USA-Canada
1160;33;1343;99-1251;85;84;;1;
1161;9;1344;99-1263;31;30;;1;Lucas 54425657
1162;9;1346;99-1264;31;30;;1;Lucas 54412229
1163;9;1348;99-1265;31;30;;1;Lucas 54425160
1164;9;1350;99-1266;31;30;;2;Lucas 60600271
1165;33;1352;99-1267;85;84;;1;UK-USA-Canada
1166;23;1354;99-12765;63;62;;2;
1167;21;1356;99-2753;57;56;;1;
1168;21;1357;99-2754;57;56;;1;
1169;21;1358;99-2755;57;56;;1;
1170;21;1359;99-2756;57;56;;1;
1171;21;1360;99-2757;57;56;;1;
1172;21;1361;99-2758;57;56;;1;
1173;21;1362;99-2759;57;56;;1;
1174;21;1363;99-2760;57;56;;1;
1175;21;1364;99-2761;57;56;;1;
1176;21;1365;99-2762;57;56;;1;
1177;21;1366;99-2763;57;56;;1;
1178;21;1367;99-2765;57;56;;2;
1179;23;1368;99-2766;63;62;;2;
1180;21;1368;99-2766;57;56;;2;
1181;23;1369;99-2767;63;62;;2;
1182;21;1369;99-2767;57;56;;2;
1183;21;1370;99-2770;57;56;;1;
1184;8;1380;R930;29;28;right;1;Amal
1185;28;128;16/328;75;74;top half;1;Amal
1186;28;130;16/329;75;74;bottom half;1;Amal
1187;28;122;16/008;75;74;;1;Amal
1188;28;124;16/009;75;74;;1;Amal
1189;28;126;16/010;75;74;;1;Amal
1190;28;1377;NoPart#2;75;74;;1;Amal
1191;28;10;12/556;75;74;;1;Amal
1192;28;14;12/607;75;74;;1;Amal
1193;28;12;12/606;75;74;;1;Amal
1194;28;8;12/033;75;74;;1;Amal
1195;8;693;622/172;29;28;Not illustrated;1;Amal
1196;7;1182;930/005;27;26;;1;Amal.
1197;8;1373;L930;29;28;left;1;Amal.
1198;7;1180;928/098;27;26;;1;Amal.
1199;8;1180;928/098;29;28;Each carburettor;1;Amal.
1200;7;693;622/172;27;26;;1;Amal.
1201;21;303;3761-270;57;56;;1;AP.LTD
1202;23;335;4741-570;63;62;Order kit Part No. 99-2769;2;AP.LTD
1203;21;264;3528-441;57;56;;1;AP.LTD
1204;23;1371;K19866TP;63;62;;2;AP.LTD
1205;23;258;28696;63;62;;1;AP.LTD
1206;23;260;3437-307;63;62;;2;AP.LTD
1207;21;335;4741-570;57;56;Order kit, Part No.99-2769;2;AP.LTD
1208;21;1371;K19866TP;57;56;Order kit, Part No.99-2769;2;AP.LTD
1209;21;262;3468-229;57;56;;1;AP.LTD
1210;21;260;3437-307;57;56;caliper halves;2;AP.LTD
1211;16;695;6405263;45;44;;0;Girling
1212;31;337;51271406;81;80;;1;Lucas
1213;31;697;643;81;80;;1;Lucas
1214;33;98;144921;85;84;;1;Lucas
1215;33;339;534296;85;84;;1;Lucas
1216;33;353;554602;85;84;UK-USA-Canada;1;Lucas
1217;33;351;553783;85;84;Europe;1;Lucas
1218;27;349;54584931;73;72;;1;Lucas
1219;27;347;54583924;73;72;;1;Lucas
1220;33;341;54130041;85;84;;1;Lucas
1221;33;343;54580300;85;84;;1;Lucas
1222;33;345;54580322;85;84;;1;Lucas
1223;33;405;573832;85;84;;1;Lucas
1224;32;1010;83205;83;82;headlamp - CANADA ONLY (Not illustrated) ;1;Lucas
1225;3;1376;NoPart#1;15;14;Reference only;1;
1226;10;461;57-7001;33;32;;1;
1227;10;378;57-1614;33;32;;1;
1228;10;464;57-7009;33;32;;1;
1229;10;357;57-0045;33;32;;1;
1230;10;377;57-1607;33;32;;2;
1231;10;369;57-0989;33;32;;4;
1232;10;215;21-2149;33;32;;2;
1233;10;184;21-1907;33;32;;1;
1234;10;727;70-3446;33;32;;1;
1235;10;115;14-6608;33;32;;1;
1236;10;119;14-7023;33;32;;1;
1237;10;457;57-4889;33;32;;1;
1238;10;474;57-7019;33;32;;1;
1239;10;466;57-7011;33;32;;1;
1240;10;1378;NoPart#3;33;32;;2;
1241;10;411;57-3989;33;32;;1;
1242;10;475;57-7020;33;32;;1;
1243;10;429;57-4459;33;32;;1;
1244;10;422;57-4400;33;32;;1;
1245;10;409;57-3978;33;32;;1;
1246;10;467;57-7012;33;32;inner cover to crankcase;1;
1247;10;415;57-4364;33;32;;1;
1248;10;416;57-4366;33;32;;1;
1249;10;444;57-4660;33;32;;1;
1250;10;278;37-3761;33;32;;1;
1251;10;470;57-7015;33;32;;1;
1252;10;471;57-7016;33;32;;1;
1253;21;515;60-2331;59;56;Caliper to outer member;2;
1254;21;85;14-1303;59;56;Caliper to outer member;2;
1255;21;300;37-4263;59;56;;1;
1256;21;228;21-2196;59;56;Cover attachment;2;
1257;21;598;60-4156;59;56;;1;
1258;21;632;60-4266;59;56;;1;Girling part
1259;21;196;21-1998;59;56;Stop switch to lever body;1;
1260;21;254;21-7008;59;56;;1;
